index,lang_samp
0,hu
1,cs
2,cs
3,da
4,pt
5,hu
6,fr
7,fr
8,fr
9,lt
10,fr
11,pt
12,cs
13,et
14,sl
15,bg
16,et
17,lv
18,fr
19,fr
20,fr
21,el
22,sv
23,fr
24,sl
25,bg
26,cs
27,lt
28,fr
29,de
30,fr
31,fr
32,fr
33,fr
34,et
35,fr
36,sv
37,fr
38,lt
39,da
40,lt
41,fr
42,lt
43,fr
44,et
45,lt
46,fr
47,sl
48,it
49,hu
50,el
51,fr
52,lv
53,fr
54,hu
55,it
56,et
57,pl
58,sl
59,hu
60,et
61,lt
62,lt
63,lv
64,et
65,el
66,fr
67,fr
68,fr
69,fr
70,fr
71,fr
72,sk
73,lv
74,lt
75,fr
76,fr
77,el
78,et
79,sk
80,fr
81,et
82,fr
83,fr
84,et
85,sl
86,sk
87,it
88,lt
89,fr
90,cs
91,lv
92,lt
93,de
94,fr
95,fi
96,fr
97,cs
98,fr
99,bg
100,fr
101,el
102,fr
103,el
104,fr
105,fr
106,fr
107,da
108,pl
109,lt
110,et
111,fi
112,da
113,fr
114,lt
115,lt
116,lv
117,lt
118,it
119,pl
120,fr
121,fr
122,da
123,fr
124,cs
125,sl
126,lt
127,lt
128,et
129,fr
130,fr
131,fr
132,sk
133,sk
134,sv
135,da
136,pl
137,et
138,fr
139,lt
140,nl
141,sl
142,fr
143,sk
144,fr
145,fi
146,fr
147,et
148,lt
149,fr
150,fr
151,da
152,bg
153,fr
154,fr
155,cs
156,lt
157,fr
158,fr
159,sl
160,fr
161,pl
162,lv
163,fr
164,lt
165,fr
166,cs
167,lv
168,et
169,fr
170,el
171,lv
172,fr
173,sv
174,fr
175,ro
176,fr
177,sk
178,lt
179,lt
180,sk
181,hu
182,fr
183,fr
184,pl
185,da
186,fr
187,ro
188,fr
189,fr
190,fr
191,bg
192,hu
193,fr
194,cs
195,fr
196,lt
197,sv
198,lt
199,fr
200,et
201,lt
202,fr
203,fr
204,pl
205,lt
206,fr
207,lv
208,fi
209,lv
210,cs
211,pl
212,et
213,lt
214,sk
215,bg
216,fr
217,lt
218,bg
219,fi
220,cs
221,fr
222,fr
223,fr
224,sk
225,et
226,fr
227,fr
228,bg
229,hu
230,sl
231,fr
232,sk
233,fr
234,da
235,fr
236,lt
237,fr
238,fr
239,ro
240,el
241,da
242,fr
243,fr
244,el
245,fr
246,pl
247,fr
248,cs
249,nl
250,sk
251,da
252,ro
253,fr
254,pl
255,sl
256,pl
257,bg
258,fr
259,et
260,fi
261,fi
262,fr
263,lt
264,sk
265,lt
266,fi
267,it
268,hu
269,lt
270,bg
271,fr
272,fr
273,fr
274,ro
275,sk
276,fr
277,fr
278,lt
279,fr
280,fr
281,et
282,fi
283,fr
284,fr
285,fr
286,fr
287,fr
288,da
289,fr
290,fr
291,da
292,cs
293,da
294,et
295,lt
296,lv
297,cs
298,sk
299,lt
300,nl
301,cs
302,fr
303,lv
304,pl
305,fr
306,fr
307,pt
308,fr
309,et
310,fr
311,hu
312,de
313,sk
314,fr
315,sl
316,fi
317,lv
318,fr
319,fr
320,ro
321,de
322,fr
323,et
324,fr
325,lt
326,fr
327,pl
328,nl
329,et
330,hu
331,fr
332,da
333,et
334,bg
335,fr
336,sl
337,lv
338,hu
339,fr
340,fr
341,da
342,fr
343,et
344,fr
345,pl
346,pl
347,lt
348,lt
349,lt
350,sl
351,da
352,fr
353,sv
354,et
355,pl
356,it
357,fr
358,bg
359,lt
360,fr
361,fr
362,sl
363,el
364,cs
365,da
366,fi
367,fr
368,ro
369,fr
370,da
371,lt
372,lv
373,fi
374,pl
375,da
376,et
377,ro
378,cs
379,pl
380,sv
381,bg
382,hu
383,lt
384,fr
385,da
386,ro
387,fr
388,sk
389,fi
390,fr
391,da
392,fr
393,sk
394,da
395,fr
396,bg
397,fr
398,fr
399,fr
400,sl
401,fr
402,sk
403,cs
404,el
405,et
406,fr
407,et
408,fr
409,fr
410,fr
411,lv
412,lt
413,lt
414,fr
415,fi
416,fr
417,lv
418,fr
419,hu
420,fr
421,ro
422,el
423,sk
424,de
425,el
426,pl
427,et
428,hu
429,cs
430,fr
431,et
432,ro
433,et
434,da
435,de
436,sk
437,sk
438,fr
439,da
440,it
441,hu
442,sl
443,fr
444,fr
445,fr
446,fr
447,lt
448,lt
449,et
450,fr
451,fr
452,lv
453,el
454,fr
455,hu
456,fr
457,el
458,fr
459,pl
460,et
461,cs
462,fr
463,sk
464,da
465,fr
466,ro
467,hu
468,de
469,sk
470,et
471,nl
472,fr
473,pl
474,el
475,pl
476,fr
477,lt
478,it
479,lt
480,fr
481,lt
482,da
483,ro
484,fr
485,sl
486,et
487,sl
488,lt
489,el
490,fr
491,it
492,fr
493,sl
494,pl
495,fr
496,da
497,it
498,lv
499,pl
500,da
501,lt
502,hu
503,fr
504,fr
505,fr
506,et
507,fr
508,el
509,cs
510,fr
511,et
512,sl
513,fr
514,fr
515,hu
516,et
517,fr
518,sl
519,el
520,lt
521,et
522,fr
523,lt
524,lt
525,fr
526,fr
527,fr
528,pl
529,bg
530,lt
531,fr
532,fr
533,fr
534,de
535,bg
536,fr
537,pl
538,fr
539,lv
540,de
541,fr
542,fr
543,fr
544,pl
545,el
546,fr
547,lv
548,fr
549,da
550,fr
551,bg
552,pl
553,fr
554,sl
555,fr
556,da
557,fr
558,sk
559,lt
560,fr
561,da
562,fr
563,fr
564,cs
565,cs
566,sl
567,fr
568,et
569,fr
570,fr
571,fi
572,et
573,fr
574,nl
575,bg
576,cs
577,ro
578,et
579,nl
580,fr
581,fr
582,hu
583,et
584,lt
585,fr
586,fr
587,lt
588,sl
589,sk
590,fr
591,fr
592,pl
593,fr
594,et
595,lv
596,fr
597,da
598,cs
599,hu
600,el
601,fr
602,fr
603,nl
604,fr
605,da
606,fr
607,da
608,lt
609,fr
610,lt
611,lv
612,cs
613,fr
614,lt
615,cs
616,lt
617,lv
618,et
619,ro
620,lt
621,sk
622,bg
623,fr
624,fr
625,fr
626,lt
627,el
628,hu
629,fr
630,fi
631,sk
632,sl
633,cs
634,sk
635,pl
636,et
637,fr
638,el
639,lv
640,fr
641,lt
642,fi
643,fr
644,hu
645,cs
646,hu
647,lv
648,cs
649,hu
650,fr
651,fr
652,fr
653,pl
654,fr
655,hu
656,fr
657,lt
658,fr
659,et
660,cs
661,hu
662,lt
663,hu
664,fr
665,fr
666,lt
667,fi
668,fr
669,lv
670,fi
671,et
672,fr
673,hu
674,fr
675,nl
676,da
677,cs
678,fr
679,fr
680,fr
681,fr
682,hu
683,lv
684,hu
685,lt
686,hu
687,fr
688,lv
689,da
690,lv
691,fr
692,fr
693,cs
694,fr
695,lt
696,fr
697,fr
698,ro
699,hu
700,fr
701,da
702,da
703,fr
704,fr
705,nl
706,bg
707,lv
708,lt
709,ro
710,fr
711,hu
712,el
713,sl
714,sl
715,bg
716,de
717,es
718,lv
719,da
720,fr
721,sk
722,lv
723,fr
724,lt
725,fr
726,sl
727,ro
728,cs
729,sl
730,lt
731,lv
732,fr
733,bg
734,fi
735,lt
736,sl
737,et
738,sk
739,lv
740,sl
741,lt
742,sk
743,da
744,lv
745,sk
746,fr
747,lt
748,lv
749,hu
750,it
751,nl
752,fr
753,fi
754,fi
755,lt
756,da
757,lv
758,sk
759,fi
760,ro
761,fr
762,fr
763,el
764,fr
765,bg
766,fr
767,bg
768,pl
769,lt
770,fr
771,de
772,fr
773,fr
774,lt
775,fi
776,lt
777,pl
778,fi
779,ro
780,fr
781,nl
782,fr
783,el
784,pt
785,sv
786,da
787,fr
788,da
789,fr
790,cs
791,sl
792,da
793,fr
794,fr
795,sk
796,sl
797,el
798,pl
799,bg
800,it
801,fi
802,fr
803,sl
804,lt
805,fr
806,et
807,fr
808,bg
809,fi
810,da
811,nl
812,sk
813,fr
814,fr
815,fr
816,bg
817,bg
818,da
819,fi
820,el
821,da
822,sl
823,pt
824,da
825,fr
826,et
827,fr
828,fr
829,lt
830,da
831,et
832,fr
833,cs
834,lt
835,fr
836,ro
837,nl
838,bg
839,fr
840,et
841,et
842,fr
843,fr
844,fr
845,fr
846,cs
847,fr
848,cs
849,hu
850,it
851,fr
852,fr
853,cs
854,lt
855,et
856,da
857,fr
858,hu
859,bg
860,pl
861,bg
862,fr
863,fr
864,et
865,sl
866,fr
867,fr
868,fr
869,fr
870,et
871,lt
872,fr
873,fr
874,hu
875,da
876,ro
877,fr
878,fi
879,lv
880,fr
881,fr
882,lt
883,cs
884,hu
885,et
886,fr
887,it
888,lv
889,it
890,sk
891,lt
892,fr
893,nl
894,bg
895,fr
896,lt
897,pl
898,lv
899,fr
900,fr
901,fr
902,lt
903,cs
904,fi
905,et
906,hu
907,hu
908,sl
909,hu
910,lv
911,sk
912,fr
913,fr
914,lt
915,sv
916,pl
917,fr
918,fr
919,fr
920,bg
921,lt
922,lt
923,cs
924,sv
925,fr
926,fr
927,da
928,pl
929,fr
930,lt
931,el
932,bg
933,da
934,fr
935,lt
936,lv
937,ro
938,hu
939,sk
940,fr
941,fi
942,da
943,da
944,lt
945,lt
946,pl
947,fr
948,et
949,fr
950,it
951,fr
952,cs
953,fr
954,el
955,nl
956,cs
957,fr
958,hu
959,el
960,lt
961,da
962,bg
963,fi
964,fr
965,fr
966,fr
967,sk
968,sl
969,da
970,lt
971,et
972,fr
973,fr
974,fr
975,cs
976,sk
977,et
978,el
979,fr
980,lt
981,sl
982,fr
983,sl
984,sk
985,fr
986,bg
987,ro
988,fr
989,fr
990,hu
991,cs
992,fr
993,bg
994,fr
995,fr
996,sv
997,ro
998,de
999,it
1000,lt
1001,et
1002,fr
1003,fr
1004,el
1005,lt
1006,fi
1007,et
1008,fr
1009,fr
1010,fr
1011,sl
1012,hu
1013,fi
1014,it
1015,sk
1016,fr
1017,fr
1018,fr
1019,fr
1020,el
1021,el
1022,bg
1023,lt
1024,fr
1025,hu
1026,pl
1027,lt
1028,ro
1029,da
1030,da
1031,ro
1032,fr
1033,et
1034,sl
1035,bg
1036,fr
1037,fr
1038,da
1039,fr
1040,bg
1041,fr
1042,fr
1043,da
1044,fr
1045,da
1046,fr
1047,fr
1048,fr
1049,fr
1050,fr
1051,lt
1052,da
1053,lt
1054,fr
1055,da
1056,fr
1057,fr
1058,lt
1059,sl
1060,lt
1061,da
1062,fr
1063,lt
1064,hu
1065,el
1066,lt
1067,sl
1068,fr
1069,lt
1070,fr
1071,lv
1072,lv
1073,sl
1074,fi
1075,da
1076,fr
1077,ro
1078,sl
1079,ro
1080,cs
1081,fr
1082,sl
1083,sv
1084,fr
1085,ro
1086,lt
1087,lt
1088,fr
1089,sk
1090,da
1091,cs
1092,it
1093,lt
1094,fr
1095,et
1096,fr
1097,fr
1098,fr
1099,fr
1100,cs
1101,lt
1102,fr
1103,da
1104,lt
1105,bg
1106,lt
1107,nl
1108,lv
1109,lt
1110,fr
1111,hu
1112,sl
1113,fr
1114,fr
1115,lt
1116,fr
1117,cs
1118,hu
1119,sl
1120,fr
1121,fr
1122,da
1123,fr
1124,fr
1125,lt
1126,sk
1127,fr
1128,fi
1129,sk
1130,fr
1131,fr
1132,fr
1133,fr
1134,fr
1135,el
1136,lt
1137,fr
1138,bg
1139,lt
1140,cs
1141,fr
1142,fr
1143,da
1144,hu
1145,fr
1146,lt
1147,sl
1148,lv
1149,hu
1150,fr
1151,fi
1152,fr
1153,fr
1154,et
1155,ro
1156,sk
1157,fi
1158,fr
1159,fr
1160,fr
1161,cs
1162,fr
1163,fr
1164,nl
1165,et
1166,fr
1167,da
1168,sl
1169,fr
1170,lt
1171,fr
1172,fr
1173,sl
1174,lt
1175,fr
1176,fr
1177,ro
1178,bg
1179,fr
1180,fr
1181,hu
1182,fr
1183,lt
1184,bg
1185,hu
1186,lt
1187,lt
1188,fr
1189,fr
1190,fr
1191,fr
1192,da
1193,lt
1194,pl
1195,sl
1196,sk
1197,cs
1198,fr
1199,et
1200,fr
1201,sl
1202,fr
1203,fr
1204,bg
1205,fr
1206,sk
1207,bg
1208,hu
1209,lv
1210,sl
1211,da
1212,fr
1213,cs
1214,fi
1215,fr
1216,fr
1217,da
1218,fi
1219,fr
1220,lt
1221,et
1222,lv
1223,fr
1224,lt
1225,da
1226,sl
1227,cs
1228,fr
1229,fr
1230,sl
1231,fi
1232,da
1233,fr
1234,fr
1235,lt
1236,da
1237,fr
1238,da
1239,lt
1240,fi
1241,fr
1242,cs
1243,hu
1244,lt
1245,nl
1246,lt
1247,et
1248,fr
1249,cs
1250,fr
1251,sl
1252,fr
1253,pl
1254,fr
1255,fr
1256,el
1257,fr
1258,fr
1259,fr
1260,lt
1261,lt
1262,fr
1263,sv
1264,fr
1265,it
1266,it
1267,fi
1268,cs
1269,lt
1270,fr
1271,pl
1272,fr
1273,lt
1274,lv
1275,nl
1276,fi
1277,cs
1278,fr
1279,ro
1280,lt
1281,hu
1282,et
1283,sk
1284,fr
1285,fr
1286,da
1287,fi
1288,lt
1289,fr
1290,de
1291,lv
1292,fr
1293,fr
1294,et
1295,sl
1296,lt
1297,da
1298,et
1299,el
1300,fr
1301,lv
1302,fr
1303,lt
1304,da
1305,sk
1306,lt
1307,et
1308,fr
1309,sk
1310,lt
1311,fr
1312,nl
1313,cs
1314,fr
1315,sl
1316,fr
1317,fr
1318,fr
1319,fr
1320,sl
1321,hu
1322,da
1323,fr
1324,fr
1325,fr
1326,nl
1327,fr
1328,fr
1329,fr
1330,fr
1331,cs
1332,lv
1333,fr
1334,cs
1335,el
1336,sv
1337,fr
1338,da
1339,hu
1340,et
1341,et
1342,da
1343,de
1344,ro
1345,cs
1346,lt
1347,lt
1348,da
1349,sl
1350,fr
1351,fr
1352,fr
1353,bg
1354,cs
1355,el
1356,sv
1357,lt
1358,lv
1359,fr
1360,fr
1361,fr
1362,fr
1363,fr
1364,fi
1365,fr
1366,et
1367,fi
1368,fr
1369,cs
1370,fi
1371,lt
1372,pl
1373,fr
1374,lt
1375,fr
1376,bg
1377,sv
1378,bg
1379,sl
1380,fr
1381,hu
1382,fr
1383,fr
1384,lt
1385,et
1386,fr
1387,fr
1388,fi
1389,fr
1390,lv
1391,it
1392,pl
1393,lt
1394,fr
1395,fr
1396,fr
1397,lv
1398,lt
1399,cs
1400,ro
1401,sl
1402,fr
1403,fi
1404,et
1405,cs
1406,fr
1407,bg
1408,fr
1409,fr
1410,fr
1411,fr
1412,fr
1413,lv
1414,lt
1415,fr
1416,it
1417,sk
1418,da
1419,fr
1420,fr
1421,el
1422,fr
1423,sl
1424,fr
1425,fr
1426,fr
1427,nl
1428,fr
1429,sv
1430,ro
1431,fr
1432,bg
1433,fr
1434,fr
1435,bg
1436,fr
1437,fr
1438,et
1439,fr
1440,lt
1441,fr
1442,fr
1443,da
1444,lt
1445,hu
1446,lt
1447,ro
1448,fr
1449,cs
1450,sk
1451,fr
1452,hu
1453,fr
1454,cs
1455,el
1456,et
1457,fr
1458,fr
1459,fr
1460,cs
1461,ro
1462,fr
1463,fr
1464,lt
1465,et
1466,fr
1467,fi
1468,da
1469,sk
1470,fr
1471,fi
1472,pl
1473,lt
1474,hu
1475,fr
1476,bg
1477,cs
1478,sl
1479,fi
1480,lt
1481,it
1482,fr
1483,cs
1484,et
1485,lt
1486,fr
1487,da
1488,lt
1489,da
1490,fr
1491,bg
1492,lt
1493,fr
1494,cs
1495,fr
1496,fr
1497,fr
1498,fr
1499,fr
1500,sk
1501,et
1502,fi
1503,fr
1504,da
1505,de
1506,fr
1507,it
1508,fr
1509,lv
1510,bg
1511,lt
1512,lt
1513,el
1514,fr
1515,sk
1516,fr
1517,et
1518,cs
1519,hu
1520,da
1521,fr
1522,lt
1523,bg
1524,lt
1525,fr
1526,fr
1527,sk
1528,hu
1529,pl
1530,fr
1531,fi
1532,fi
1533,it
1534,da
1535,lt
1536,lt
1537,el
1538,lt
1539,lv
1540,el
1541,da
1542,fr
1543,fr
1544,pl
1545,cs
1546,fr
1547,da
1548,fr
1549,fr
1550,fr
1551,hu
1552,et
1553,sl
1554,fr
1555,sk
1556,nl
1557,sl
1558,et
1559,it
1560,hu
1561,sl
1562,fr
1563,fr
1564,et
1565,et
1566,el
1567,fi
1568,bg
1569,sl
1570,fr
1571,fr
1572,ro
1573,lt
1574,fr
1575,fr
1576,fr
1577,et
1578,el
1579,fi
1580,ro
1581,cs
1582,pl
1583,fr
1584,fr
1585,et
1586,hu
1587,lt
1588,fr
1589,da
1590,fr
1591,fr
1592,sv
1593,da
1594,fr
1595,fr
1596,da
1597,fi
1598,fi
1599,lt
1600,bg
1601,pl
1602,et
1603,fi
1604,sv
1605,hu
1606,cs
1607,el
1608,sl
1609,lt
1610,et
1611,sl
1612,pl
1613,pl
1614,lv
1615,bg
1616,fr
1617,hu
1618,et
1619,fr
1620,sk
1621,da
1622,cs
1623,et
1624,it
1625,el
1626,lt
1627,fr
1628,fi
1629,fi
1630,it
1631,et
1632,fr
1633,fr
1634,fr
1635,sl
1636,ro
1637,lt
1638,fr
1639,hu
1640,hu
1641,pl
1642,lt
1643,fr
1644,fr
1645,sl
1646,lv
1647,et
1648,da
1649,fr
1650,sk
1651,lv
1652,it
1653,fr
1654,fr
1655,bg
1656,fr
1657,hu
1658,hu
1659,fr
1660,cs
1661,fi
1662,fi
1663,bg
1664,da
1665,ro
1666,sk
1667,ro
1668,lt
1669,fr
1670,fr
1671,sk
1672,fr
1673,el
1674,lt
1675,et
1676,es
1677,fr
1678,lt
1679,lv
1680,fr
1681,nl
1682,sl
1683,fr
1684,el
1685,lv
1686,et
1687,fr
1688,cs
1689,el
1690,fr
1691,pl
1692,et
1693,fr
1694,sk
1695,sk
1696,da
1697,fr
1698,lv
1699,fr
1700,da
1701,fr
1702,fr
1703,lt
1704,fi
1705,fi
1706,ro
1707,da
1708,bg
1709,fr
1710,ro
1711,fr
1712,fr
1713,et
1714,da
1715,lt
1716,fr
1717,da
1718,lt
1719,fr
1720,hu
1721,bg
1722,cs
1723,lv
1724,sl
1725,nl
1726,da
1727,ro
1728,lt
1729,et
1730,fr
1731,fr
1732,fr
1733,fi
1734,fr
1735,sl
1736,et
1737,fr
1738,fr
1739,ro
1740,et
1741,it
1742,fi
1743,fr
1744,fr
1745,de
1746,sv
1747,hu
1748,lt
1749,sl
1750,fr
1751,da
1752,sl
1753,da
1754,sl
1755,fr
1756,sl
1757,bg
1758,fr
1759,pl
1760,fr
1761,da
1762,fr
1763,bg
1764,et
1765,fr
1766,et
1767,fr
1768,fr
1769,lv
1770,sk
1771,fr
1772,sk
1773,fr
1774,bg
1775,fi
1776,sl
1777,fi
1778,fr
1779,nl
1780,cs
1781,fr
1782,ro
1783,fr
1784,da
1785,da
1786,fi
1787,cs
1788,ro
1789,et
1790,cs
1791,sl
1792,et
1793,bg
1794,et
1795,lv
1796,nl
1797,sv
1798,cs
1799,fr
1800,et
1801,sk
1802,et
1803,nl
1804,fr
1805,da
1806,lv
1807,cs
1808,cs
1809,fi
1810,sl
1811,fr
1812,fr
1813,lv
1814,fr
1815,bg
1816,pt
1817,et
1818,de
1819,lt
1820,hu
1821,lt
1822,lt
1823,bg
1824,et
1825,fr
1826,da
1827,fi
1828,pl
1829,sv
1830,pl
1831,fr
1832,fi
1833,es
1834,ro
1835,sl
1836,hu
1837,lt
1838,sl
1839,sk
1840,hu
1841,et
1842,fr
1843,fr
1844,et
1845,sl
1846,da
1847,fi
1848,cs
1849,lt
1850,fr
1851,fr
1852,fr
1853,fr
1854,pl
1855,lt
1856,fr
1857,el
1858,ro
1859,fr
1860,hu
1861,fr
1862,pl
1863,et
1864,fr
1865,fr
1866,el
1867,lt
1868,fr
1869,da
1870,fr
1871,sl
1872,fr
1873,fr
1874,fr
1875,ro
1876,lt
1877,fr
1878,fr
1879,cs
1880,fi
1881,et
1882,lt
1883,hu
1884,fr
1885,lt
1886,fr
1887,lv
1888,lt
1889,hu
1890,sk
1891,da
1892,ro
1893,fr
1894,et
1895,fi
1896,et
1897,fr
1898,ro
1899,et
1900,lt
1901,et
1902,fr
1903,et
1904,fr
1905,da
1906,fr
1907,lt
1908,hu
1909,cs
1910,fr
1911,fr
1912,hu
1913,fi
1914,fr
1915,et
1916,fi
1917,fr
1918,hu
1919,sk
1920,pl
1921,pl
1922,sk
1923,sl
1924,hu
1925,fr
1926,lt
1927,et
1928,fr
1929,cs
1930,fr
1931,fr
1932,sl
1933,fr
1934,pl
1935,fr
1936,it
1937,fr
1938,fr
1939,cs
1940,fr
1941,fr
1942,fr
1943,fr
1944,de
1945,lt
1946,it
1947,fr
1948,da
1949,et
1950,pt
1951,nl
1952,lt
1953,fr
1954,cs
1955,da
1956,fr
1957,et
1958,lt
1959,fr
1960,sl
1961,de
1962,fr
1963,fr
1964,fr
1965,hu
1966,fi
1967,da
1968,fr
1969,it
1970,el
1971,da
1972,fi
1973,sv
1974,fr
1975,hu
1976,da
1977,fr
1978,sl
1979,pl
1980,fr
1981,sk
1982,fr
1983,fr
1984,lv
1985,fr
1986,hu
1987,fr
1988,lv
1989,et
1990,et
1991,da
1992,fr
1993,lt
1994,hu
1995,da
1996,cs
1997,pt
1998,sk
1999,el
2000,da
2001,et
2002,pl
2003,sl
2004,pt
2005,fr
2006,da
2007,fr
2008,fr
2009,it
2010,fi
2011,fr
2012,bg
2013,hu
2014,fr
2015,fr
2016,fr
2017,bg
2018,lv
2019,fr
2020,ro
2021,lv
2022,fr
2023,pl
2024,lv
2025,fr
2026,bg
2027,da
2028,sv
2029,lt
2030,el
2031,lt
2032,fr
2033,fr
2034,fr
2035,fr
2036,fr
2037,fr
2038,sl
2039,fr
2040,et
2041,lt
2042,fr
2043,fr
2044,sk
2045,fr
2046,sl
2047,fr
2048,fr
2049,fr
2050,fr
2051,hu
2052,fr
2053,lt
2054,et
2055,sk
2056,sl
2057,fr
2058,de
2059,cs
2060,sk
2061,fr
2062,cs
2063,lv
2064,fr
2065,cs
2066,fr
2067,el
2068,et
2069,fi
2070,fr
2071,fr
2072,fr
2073,cs
2074,sk
2075,lv
2076,fr
2077,fr
2078,lv
2079,fi
2080,cs
2081,et
2082,da
2083,hu
2084,pl
2085,fi
2086,it
2087,et
2088,fr
2089,sk
2090,lv
2091,fr
2092,lt
2093,fr
2094,fi
2095,sk
2096,nl
2097,da
2098,it
2099,da
2100,el
2101,lv
2102,lt
2103,de
2104,cs
2105,fr
2106,cs
2107,sk
2108,fr
2109,sk
2110,et
2111,lt
2112,sk
2113,fr
2114,sk
2115,hu
2116,fi
2117,sl
2118,ro
2119,nl
2120,et
2121,pl
2122,cs
2123,fr
2124,lv
2125,fr
2126,fr
2127,fi
2128,fr
2129,lt
2130,fr
2131,fr
2132,da
2133,cs
2134,hu
2135,cs
2136,fr
2137,fr
2138,lt
2139,fr
2140,fr
2141,sl
2142,el
2143,et
2144,fr
2145,fr
2146,lt
2147,fr
2148,et
2149,fr
2150,fr
2151,fr
2152,pl
2153,lt
2154,fr
2155,ro
2156,sk
2157,et
2158,fr
2159,lt
2160,lt
2161,it
2162,fi
2163,da
2164,da
2165,fr
2166,it
2167,fr
2168,et
2169,fr
2170,pl
2171,fr
2172,da
2173,sl
2174,lt
2175,hu
2176,sk
2177,cs
2178,fr
2179,fr
2180,cs
2181,el
2182,bg
2183,lt
2184,fr
2185,et
2186,pt
2187,fr
2188,de
2189,pl
2190,ro
2191,fr
2192,sk
2193,lv
2194,fr
2195,lt
2196,fr
2197,cs
2198,fr
2199,lt
2200,el
2201,sl
2202,el
2203,sk
2204,fr
2205,sv
2206,fr
2207,fr
2208,fr
2209,fr
2210,fr
2211,sk
2212,hu
2213,hu
2214,lt
2215,lt
2216,hu
2217,ro
2218,sv
2219,fr
2220,lt
2221,fi
2222,et
2223,nl
2224,bg
2225,fr
2226,lt
2227,fr
2228,lt
2229,sk
2230,fr
2231,fr
2232,it
2233,pt
2234,lt
2235,da
2236,hu
2237,fr
2238,fr
2239,da
2240,fr
2241,fr
2242,fr
2243,lt
2244,fr
2245,bg
2246,ro
2247,it
2248,el
2249,fi
2250,it
2251,fr
2252,bg
2253,pl
2254,cs
2255,hu
2256,fr
2257,fr
2258,bg
2259,sl
2260,lt
2261,fr
2262,lt
2263,fr
2264,el
2265,fr
2266,fr
2267,pl
2268,lt
2269,fi
2270,fr
2271,bg
2272,hu
2273,de
2274,da
2275,bg
2276,fr
2277,de
2278,lt
2279,et
2280,fr
2281,fr
2282,lt
2283,hu
2284,it
2285,fr
2286,sl
2287,fr
2288,fr
2289,bg
2290,sk
2291,it
2292,fr
2293,et
2294,nl
2295,fr
2296,fr
2297,fr
2298,el
2299,fr
2300,et
2301,fr
2302,et
2303,fr
2304,ro
2305,hu
2306,fr
2307,et
2308,fr
2309,sv
2310,pt
2311,hu
2312,fr
2313,ro
2314,cs
2315,fr
2316,fr
2317,sl
2318,pl
2319,lt
2320,fr
2321,hu
2322,it
2323,fr
2324,pl
2325,fr
2326,lt
2327,fr
2328,fr
2329,fr
2330,fr
2331,lt
2332,fr
2333,lt
2334,ro
2335,sk
2336,sl
2337,fi
2338,cs
2339,lt
2340,fr
2341,sk
2342,fi
2343,et
2344,cs
2345,fi
2346,fr
2347,fr
2348,el
2349,fr
2350,ro
2351,el
2352,da
2353,ro
2354,cs
2355,fr
2356,fr
2357,lt
2358,fr
2359,sk
2360,fr
2361,lv
2362,lt
2363,cs
2364,sk
2365,pl
2366,fr
2367,nl
2368,fr
2369,it
2370,pl
2371,da
2372,bg
2373,sl
2374,sl
2375,pl
2376,fr
2377,fr
2378,da
2379,lv
2380,fr
2381,fr
2382,hu
2383,ro
2384,fr
2385,sl
2386,fr
2387,lv
2388,fr
2389,cs
2390,fr
2391,el
2392,fr
2393,sk
2394,cs
2395,fr
2396,lt
2397,da
2398,lt
2399,fr
2400,fr
2401,hu
2402,lv
2403,fr
2404,fr
2405,it
2406,fr
2407,sl
2408,da
2409,sl
2410,fr
2411,lt
2412,pl
2413,hu
2414,fr
2415,cs
2416,fr
2417,fr
2418,pl
2419,et
2420,fi
2421,lv
2422,lt
2423,it
2424,sl
2425,cs
2426,hu
2427,nl
2428,cs
2429,sl
2430,fr
2431,sl
2432,fr
2433,ro
2434,fr
2435,fi
2436,da
2437,lt
2438,fr
2439,pl
2440,fr
2441,da
2442,lt
2443,fr
2444,lv
2445,sv
2446,sv
2447,hu
2448,cs
2449,cs
2450,fi
2451,nl
2452,el
2453,ro
2454,lt
2455,fr
2456,fr
2457,fr
2458,cs
2459,lt
2460,fi
2461,cs
2462,fi
2463,sk
2464,hu
2465,sk
2466,sl
2467,sl
2468,lt
2469,fr
2470,lt
2471,lt
2472,fr
2473,hu
2474,lt
2475,da
2476,fr
2477,fr
2478,fr
2479,fr
2480,fr
2481,da
2482,fr
2483,cs
2484,fr
2485,fr
2486,el
2487,fi
2488,cs
2489,fr
2490,it
2491,fr
2492,fr
2493,fi
2494,cs
2495,da
2496,fr
2497,de
2498,bg
2499,lv
2500,fr
2501,et
2502,lt
2503,fr
2504,nl
2505,fi
2506,lt
2507,et
2508,lt
2509,fr
2510,fr
2511,fr
2512,hu
2513,da
2514,pl
2515,hu
2516,fr
2517,da
2518,et
2519,fr
2520,fi
2521,nl
2522,et
2523,cs
2524,ro
2525,et
2526,lv
2527,lt
2528,lt
2529,da
2530,fr
2531,hu
2532,ro
2533,fr
2534,da
2535,fr
2536,et
2537,cs
2538,el
2539,bg
2540,hu
2541,fr
2542,et
2543,fi
2544,hu
2545,lt
2546,pl
2547,lt
2548,fr
2549,da
2550,fr
2551,cs
2552,da
2553,hu
2554,hu
2555,sk
2556,fr
2557,fr
2558,fr
2559,et
2560,da
2561,ro
2562,fi
2563,fr
2564,nl
2565,et
2566,sk
2567,lv
2568,cs
2569,fr
2570,cs
2571,fr
2572,lt
2573,bg
2574,fr
2575,da
2576,fi
2577,hu
2578,lt
2579,sl
2580,hu
2581,bg
2582,fr
2583,bg
2584,fi
2585,sk
2586,sl
2587,lt
2588,sl
2589,fr
2590,fr
2591,it
2592,hu
2593,hu
2594,cs
2595,da
2596,bg
2597,it
2598,fr
2599,fr
2600,da
2601,fi
2602,hu
2603,pl
2604,bg
2605,fr
2606,fr
2607,sl
2608,et
2609,nl
2610,fr
2611,fr
2612,ro
2613,fr
2614,fr
2615,sk
2616,fr
2617,da
2618,cs
2619,nl
2620,cs
2621,hu
2622,el
2623,lt
2624,sv
2625,pl
2626,lv
2627,fi
2628,nl
2629,fr
2630,fr
2631,sl
2632,fr
2633,fi
2634,el
2635,cs
2636,bg
2637,fi
2638,cs
2639,fr
2640,fr
2641,da
2642,sl
2643,et
2644,pl
2645,sk
2646,et
2647,et
2648,sk
2649,cs
2650,fr
2651,fr
2652,et
2653,it
2654,et
2655,fr
2656,fr
2657,lt
2658,fr
2659,fr
2660,de
2661,pl
2662,fr
2663,sl
2664,da
2665,el
2666,fr
2667,hu
2668,cs
2669,ro
2670,lt
2671,ro
2672,sk
2673,fr
2674,da
2675,et
2676,fr
2677,lt
2678,fr
2679,lt
2680,fi
2681,fr
2682,fr
2683,fr
2684,ro
2685,fr
2686,fr
2687,nl
2688,et
2689,el
2690,pl
2691,pl
2692,lt
2693,hu
2694,it
2695,sk
2696,lt
2697,cs
2698,de
2699,nl
2700,fi
2701,fr
2702,lt
2703,fr
2704,fr
2705,fr
2706,lt
2707,cs
2708,fr
2709,el
2710,pl
2711,fr
2712,fr
2713,et
2714,cs
2715,et
2716,cs
2717,lt
2718,fr
2719,fr
2720,et
2721,da
2722,fr
2723,fr
2724,sv
2725,fr
2726,fr
2727,cs
2728,et
2729,fr
2730,ro
2731,fr
2732,fr
2733,cs
2734,da
2735,et
2736,fr
2737,fr
2738,cs
2739,bg
2740,fr
2741,fr
2742,fi
2743,de
2744,fr
2745,fr
2746,lt
2747,cs
2748,lv
2749,hu
2750,de
2751,el
2752,nl
2753,hu
2754,it
2755,fr
2756,fr
2757,lv
2758,fr
2759,lt
2760,fr
2761,fr
2762,et
2763,hu
2764,da
2765,fr
2766,fr
2767,fr
2768,sl
2769,bg
2770,pl
2771,et
2772,cs
2773,fr
2774,fi
2775,hu
2776,fr
2777,el
2778,da
2779,lt
2780,cs
2781,lt
2782,sl
2783,lt
2784,el
2785,fr
2786,sk
2787,fr
2788,lt
2789,hu
2790,sl
2791,sl
2792,fr
2793,lt
2794,lv
2795,lt
2796,fr
2797,lt
2798,cs
2799,fr
2800,fr
2801,fr
2802,it
2803,lv
2804,cs
2805,fr
2806,fr
2807,pl
2808,lt
2809,fr
2810,cs
2811,fr
2812,fr
2813,lt
2814,lt
2815,sk
2816,da
2817,fi
2818,cs
2819,lv
2820,lt
2821,fr
2822,lt
2823,fr
2824,fi
2825,fr
2826,sk
2827,pl
2828,da
2829,lt
2830,sl
2831,bg
2832,nl
2833,lt
2834,fr
2835,sv
2836,lt
2837,lt
2838,lt
2839,ro
2840,hu
2841,fr
2842,fr
2843,pt
2844,de
2845,cs
2846,lt
2847,et
2848,sk
2849,fr
2850,fr
2851,hu
2852,et
2853,lt
2854,pl
2855,sk
2856,fr
2857,lt
2858,sv
2859,fr
2860,da
2861,da
2862,fr
2863,fr
2864,fr
2865,lt
2866,lt
2867,fr
2868,fr
2869,fr
2870,fr
2871,fr
2872,nl
2873,fr
2874,lt
2875,fr
2876,fr
2877,da
2878,fr
2879,da
2880,cs
2881,fr
2882,fr
2883,et
2884,pl
2885,sv
2886,fi
2887,cs
2888,cs
2889,et
2890,de
2891,sl
2892,sk
2893,pl
2894,hu
2895,fr
2896,fr
2897,fi
2898,sk
2899,fr
2900,cs
2901,lt
2902,fr
2903,sl
2904,hu
2905,lt
2906,da
2907,pl
2908,ro
2909,el
2910,fr
2911,fi
2912,sk
2913,fr
2914,et
2915,el
2916,fr
2917,pl
2918,sk
2919,fr
2920,sl
2921,sk
2922,lt
2923,da
2924,fr
2925,lv
2926,lt
2927,sk
2928,fr
2929,fr
2930,pl
2931,da
2932,et
2933,fr
2934,fr
2935,cs
2936,fr
2937,fr
2938,da
2939,fr
2940,bg
2941,lt
2942,lv
2943,fr
2944,da
2945,el
2946,fi
2947,fr
2948,fr
2949,fr
2950,fi
2951,ro
2952,fr
2953,sk
2954,lt
2955,nl
2956,lt
2957,pl
2958,el
2959,fr
2960,fi
2961,pl
2962,et
2963,sk
2964,fr
2965,fi
2966,fi
2967,fi
2968,lt
2969,et
2970,fi
2971,fr
2972,lt
2973,bg
2974,fr
2975,lv
2976,nl
2977,fr
2978,sl
2979,da
2980,lt
2981,fr
2982,fr
2983,fr
2984,de
2985,nl
2986,fr
2987,el
2988,fr
2989,cs
2990,lt
2991,fi
2992,el
2993,fr
2994,fr
2995,fi
2996,sk
2997,pl
2998,fr
2999,sl
3000,bg
3001,fr
3002,pt
3003,sl
3004,nl
3005,lt
3006,lt
3007,ro
3008,fr
3009,pl
3010,sk
3011,et
3012,lt
3013,fr
3014,fr
3015,fr
3016,et
3017,nl
3018,da
3019,el
3020,fr
3021,fr
3022,da
3023,fi
3024,et
3025,it
3026,fi
3027,lt
3028,pl
3029,fr
3030,bg
3031,fr
3032,da
3033,fi
3034,fr
3035,cs
3036,lv
3037,pl
3038,fr
3039,da
3040,lt
3041,sv
3042,lt
3043,sv
3044,fr
3045,lt
3046,hu
3047,sv
3048,et
3049,fr
3050,et
3051,hu
3052,fr
3053,fr
3054,nl
3055,fr
3056,lv
3057,et
3058,fr
3059,hu
3060,hu
3061,sk
3062,fr
3063,lt
3064,el
3065,lt
3066,cs
3067,da
3068,fr
3069,fr
3070,fr
3071,da
3072,da
3073,fr
3074,sl
3075,hu
3076,sl
3077,fr
3078,pl
3079,sk
3080,sl
3081,bg
3082,et
3083,et
3084,et
3085,el
3086,fr
3087,fr
3088,fr
3089,fr
3090,lv
3091,sl
3092,sl
3093,fi
3094,fr
3095,fr
3096,da
3097,fr
3098,sl
3099,sk
3100,fr
3101,lv
3102,pl
3103,sk
3104,cs
3105,sv
3106,lv
3107,pl
3108,bg
3109,et
3110,fr
3111,fr
3112,lt
3113,bg
3114,sk
3115,et
3116,fr
3117,fr
3118,lt
3119,fr
3120,fr
3121,lt
3122,sl
3123,fr
3124,pl
3125,lt
3126,da
3127,et
3128,ro
3129,fr
3130,fr
3131,fr
3132,lv
3133,et
3134,pl
3135,it
3136,it
3137,et
3138,fi
3139,de
3140,da
3141,fr
3142,fr
3143,ro
3144,sl
3145,sk
3146,pl
3147,fr
3148,sk
3149,fr
3150,da
3151,lt
3152,sk
3153,sk
3154,fr
3155,sl
3156,hu
3157,lt
3158,da
3159,fr
3160,fr
3161,lt
3162,el
3163,nl
3164,hu
3165,fr
3166,bg
3167,fi
3168,fr
3169,fr
3170,fr
3171,hu
3172,et
3173,it
3174,et
3175,fr
3176,fr
3177,lv
3178,bg
3179,sl
3180,fr
3181,lt
3182,et
3183,fr
3184,pl
3185,fr
3186,fr
3187,et
3188,da
3189,fr
3190,et
3191,pl
3192,da
3193,fr
3194,fr
3195,et
3196,lt
3197,nl
3198,sl
3199,lt
3200,fr
3201,fr
3202,cs
3203,fr
3204,fr
3205,fr
3206,lt
3207,fr
3208,cs
3209,ro
3210,hu
3211,fr
3212,fr
3213,fr
3214,cs
3215,bg
3216,fr
3217,bg
3218,fr
3219,fr
3220,fr
3221,fr
3222,bg
3223,pl
3224,fr
3225,et
3226,fr
3227,lt
3228,cs
3229,da
3230,sv
3231,sl
3232,cs
3233,hu
3234,fr
3235,el
3236,fr
3237,cs
3238,fr
3239,da
3240,et
3241,ro
3242,fr
3243,fr
3244,bg
3245,sk
3246,fr
3247,da
3248,da
3249,sl
3250,el
3251,fr
3252,lt
3253,sl
3254,bg
3255,fr
3256,lv
3257,et
3258,sk
3259,da
3260,fr
3261,et
3262,pl
3263,it
3264,cs
3265,pl
3266,fr
3267,et
3268,et
3269,sl
3270,lt
3271,el
3272,pl
3273,fr
3274,cs
3275,et
3276,el
3277,fr
3278,fi
3279,cs
3280,hu
3281,et
3282,lt
3283,fr
3284,fr
3285,fr
3286,bg
3287,it
3288,fr
3289,et
3290,lv
3291,fi
3292,bg
3293,el
3294,fr
3295,fr
3296,da
3297,et
3298,lt
3299,cs
3300,cs
3301,pl
3302,cs
3303,lt
3304,fr
3305,lt
3306,fr
3307,et
3308,fr
3309,et
3310,fr
3311,lt
3312,ro
3313,lt
3314,fr
3315,pl
3316,fr
3317,sl
3318,sk
3319,bg
3320,fr
3321,sl
3322,fr
3323,fr
3324,lv
3325,sl
3326,hu
3327,fr
3328,fr
3329,lt
3330,hu
3331,lt
3332,lv
3333,et
3334,fr
3335,pt
3336,sl
3337,hu
3338,fr
3339,fr
3340,lt
3341,hu
3342,fr
3343,lt
3344,nl
3345,el
3346,fr
3347,fi
3348,et
3349,cs
3350,fr
3351,fr
3352,da
3353,fr
3354,lt
3355,fi
3356,it
3357,lt
3358,da
3359,sl
3360,lt
3361,et
3362,bg
3363,sk
3364,sk
3365,et
3366,lv
3367,fr
3368,fr
3369,fr
3370,lt
3371,sv
3372,et
3373,lv
3374,et
3375,lv
3376,fr
3377,fr
3378,fr
3379,fi
3380,pl
3381,da
3382,pt
3383,et
3384,sk
3385,sl
3386,el
3387,lt
3388,fr
3389,fr
3390,nl
3391,fr
3392,bg
3393,bg
3394,lt
3395,fr
3396,fr
3397,fr
3398,et
3399,fr
3400,lv
3401,fr
3402,fr
3403,ro
3404,fr
3405,fr
3406,lt
3407,lt
3408,sk
3409,sk
3410,da
3411,ro
3412,pl
3413,fr
3414,fr
3415,el
3416,fr
3417,lt
3418,lt
3419,fi
3420,fr
3421,fr
3422,lt
3423,nl
3424,lv
3425,hu
3426,et
3427,pl
3428,sk
3429,da
3430,lt
3431,fr
3432,fr
3433,fr
3434,da
3435,sl
3436,cs
3437,lv
3438,fr
3439,pl
3440,bg
3441,et
3442,lt
3443,da
3444,fr
3445,fi
3446,fr
3447,sv
3448,hu
3449,lt
3450,fr
3451,hu
3452,fr
3453,ro
3454,fr
3455,et
3456,da
3457,hu
3458,fr
3459,da
3460,sl
3461,ro
3462,hu
3463,fr
3464,fr
3465,hu
3466,fr
3467,fr
3468,pl
3469,fr
3470,lt
3471,cs
3472,fr
3473,hu
3474,fr
3475,da
3476,lv
3477,et
3478,ro
3479,sk
3480,cs
3481,fr
3482,ro
3483,el
3484,hu
3485,fr
3486,lt
3487,lt
3488,sl
3489,fr
3490,sl
3491,cs
3492,fr
3493,lt
3494,fr
3495,ro
3496,et
3497,fr
3498,fr
3499,fr
3500,pt
3501,sv
3502,et
3503,da
3504,lt
3505,bg
3506,fi
3507,nl
3508,fi
3509,lt
3510,fr
3511,nl
3512,lt
3513,da
3514,pt
3515,fr
3516,cs
3517,fr
3518,hu
3519,fi
3520,cs
3521,da
3522,ro
3523,sk
3524,el
3525,fr
3526,sk
3527,fr
3528,et
3529,pl
3530,lt
3531,fr
3532,da
3533,fr
3534,cs
3535,pl
3536,pl
3537,et
3538,lt
3539,sk
3540,lt
3541,da
3542,lt
3543,sv
3544,lt
3545,da
3546,hu
3547,et
3548,lt
3549,hu
3550,pl
3551,lt
3552,lt
3553,fr
3554,lt
3555,lv
3556,fr
3557,nl
3558,it
3559,hu
3560,cs
3561,lt
3562,cs
3563,sk
3564,sk
3565,lt
3566,fi
3567,sk
3568,el
3569,cs
3570,da
3571,da
3572,fr
3573,pl
3574,pl
3575,sl
3576,it
3577,lt
3578,sl
3579,sl
3580,hu
3581,fr
3582,sv
3583,fr
3584,fr
3585,et
3586,fr
3587,el
3588,fr
3589,et
3590,sl
3591,de
3592,fr
3593,fi
3594,lv
3595,lv
3596,lt
3597,fi
3598,fr
3599,da
3600,et
3601,it
3602,es
3603,lt
3604,cs
3605,fr
3606,sl
3607,lt
3608,sl
3609,bg
3610,pl
3611,lt
3612,et
3613,el
3614,fr
3615,cs
3616,nl
3617,de
3618,cs
3619,fr
3620,cs
3621,fr
3622,fr
3623,nl
3624,fr
3625,lv
3626,ro
3627,it
3628,et
3629,lt
3630,fr
3631,pl
3632,el
3633,fr
3634,fr
3635,sk
3636,fr
3637,fr
3638,fr
3639,cs
3640,fr
3641,fr
3642,lt
3643,fr
3644,el
3645,et
3646,lv
3647,sk
3648,sv
3649,fr
3650,sl
3651,fr
3652,sl
3653,sk
3654,fr
3655,sv
3656,el
3657,fr
3658,cs
3659,lt
3660,et
3661,fr
3662,fr
3663,sl
3664,fr
3665,fr
3666,fr
3667,sl
3668,fr
3669,da
3670,et
3671,lt
3672,fr
3673,sv
3674,fr
3675,et
3676,da
3677,lv
3678,lt
3679,cs
3680,el
3681,fr
3682,el
3683,cs
3684,bg
3685,fr
3686,hu
3687,ro
3688,fr
3689,et
3690,lt
3691,fr
3692,sl
3693,sl
3694,fr
3695,fr
3696,el
3697,bg
3698,fr
3699,et
3700,fr
3701,et
3702,fr
3703,fr
3704,da
3705,fi
3706,da
3707,et
3708,lt
3709,fr
3710,fr
3711,lv
3712,lt
3713,da
3714,fr
3715,fr
3716,fr
3717,cs
3718,lt
3719,sl
3720,de
3721,el
3722,cs
3723,pl
3724,ro
3725,fi
3726,fr
3727,hu
3728,fr
3729,lt
3730,lt
3731,cs
3732,fr
3733,el
3734,fr
3735,fr
3736,sl
3737,bg
3738,fr
3739,fr
3740,fr
3741,cs
3742,fr
3743,pt
3744,fr
3745,fr
3746,sl
3747,lv
3748,fr
3749,sl
3750,et
3751,fr
3752,fr
3753,sv
3754,it
3755,it
3756,el
3757,sl
3758,cs
3759,fr
3760,da
3761,et
3762,lt
3763,el
3764,nl
3765,el
3766,lt
3767,lt
3768,fi
3769,de
3770,lt
3771,da
3772,lt
3773,fr
3774,fr
3775,fr
3776,sk
3777,fr
3778,da
3779,da
3780,lv
3781,et
3782,ro
3783,pl
3784,lt
3785,da
3786,hu
3787,fr
3788,fr
3789,ro
3790,it
3791,fr
3792,lt
3793,fr
3794,fr
3795,da
3796,hu
3797,fr
3798,et
3799,hu
3800,lt
3801,et
3802,fr
3803,lt
3804,nl
3805,et
3806,fr
3807,et
3808,fr
3809,fr
3810,cs
3811,cs
3812,fr
3813,fr
3814,fr
3815,da
3816,da
3817,fr
3818,cs
3819,fr
3820,fr
3821,cs
3822,et
3823,lv
3824,sl
3825,et
3826,sk
3827,fr
3828,bg
3829,fr
3830,lv
3831,lt
3832,pl
3833,fr
3834,pl
3835,fr
3836,fi
3837,da
3838,hu
3839,sk
3840,cs
3841,sk
3842,fr
3843,ro
3844,fr
3845,fi
3846,lt
3847,fr
3848,sk
3849,lt
3850,cs
3851,fr
3852,da
3853,bg
3854,bg
3855,lv
3856,lt
3857,lt
3858,fr
3859,da
3860,et
3861,el
3862,sv
3863,hu
3864,fr
3865,et
3866,fr
3867,sl
3868,sl
3869,lt
3870,fi
3871,lv
3872,da
3873,sl
3874,ro
3875,sk
3876,fr
3877,fr
3878,lv
3879,sl
3880,et
3881,fr
3882,it
3883,fr
3884,el
3885,lt
3886,fi
3887,fr
3888,fr
3889,fr
3890,fr
3891,fr
3892,et
3893,nl
3894,sl
3895,fr
3896,lt
3897,fr
3898,hu
3899,hu
3900,hu
3901,fr
3902,fr
3903,sk
3904,et
3905,pl
3906,cs
3907,fr
3908,fr
3909,hu
3910,it
3911,fr
3912,fr
3913,da
3914,sk
3915,pl
3916,lt
3917,lt
3918,lv
3919,lt
3920,lv
3921,lt
3922,el
3923,pl
3924,hu
3925,pl
3926,ro
3927,da
3928,fr
3929,bg
3930,et
3931,lt
3932,lv
3933,it
3934,fr
3935,fr
3936,nl
3937,sk
3938,fr
3939,fr
3940,da
3941,fr
3942,hu
3943,ro
3944,fr
3945,fr
3946,fi
3947,fr
3948,fr
3949,fr
3950,lt
3951,sk
3952,fr
3953,fr
3954,fr
3955,da
3956,sl
3957,pl
3958,sl
3959,pl
3960,fr
3961,el
3962,cs
3963,fr
3964,da
3965,hu
3966,ro
3967,fr
3968,fr
3969,lt
3970,lt
3971,fr
3972,fr
3973,fr
3974,fi
3975,da
3976,fr
3977,de
3978,lt
3979,fr
3980,fr
3981,it
3982,fr
3983,fr
3984,fr
3985,fr
3986,pt
3987,fr
3988,pl
3989,fr
3990,sl
3991,fr
3992,fr
3993,hu
3994,fr
3995,lt
3996,sk
3997,fr
3998,lv
3999,de
4000,fr
4001,fr
4002,fr
4003,cs
4004,lv
4005,cs
4006,lt
4007,lv
4008,da
4009,lt
4010,hu
4011,lt
4012,fr
4013,da
4014,lv
4015,lt
4016,it
4017,nl
4018,sl
4019,sl
4020,sl
4021,pl
4022,fr
4023,fr
4024,fr
4025,bg
4026,lt
4027,fr
4028,lt
4029,ro
4030,fr
4031,fr
4032,lt
4033,fr
4034,hu
4035,sl
4036,et
4037,fr
4038,fi
4039,lt
4040,fr
4041,fr
4042,cs
4043,fr
4044,fr
4045,pl
4046,sl
4047,lt
4048,de
4049,fr
4050,fr
4051,fr
4052,da
4053,fr
4054,fr
4055,fr
4056,hu
4057,fr
4058,el
4059,lt
4060,fr
4061,lt
4062,fr
4063,fr
4064,fi
4065,nl
4066,de
4067,da
4068,de
4069,bg
4070,et
4071,hu
4072,lv
4073,hu
4074,fr
4075,fr
4076,fr
4077,it
4078,sk
4079,sv
4080,da
4081,hu
4082,fr
4083,fi
4084,lt
4085,fr
4086,fr
4087,lv
4088,fr
4089,fr
4090,fr
4091,fr
4092,fr
4093,sv
4094,pl
4095,pl
4096,it
4097,hu
4098,sl
4099,da
4100,fi
4101,et
4102,lt
4103,fr
4104,fr
4105,da
4106,cs
4107,et
4108,fr
4109,fi
4110,sl
4111,el
4112,fr
4113,da
4114,pl
4115,nl
4116,el
4117,lv
4118,et
4119,fr
4120,fr
4121,el
4122,et
4123,cs
4124,bg
4125,fr
4126,fr
4127,et
4128,fr
4129,lt
4130,lv
4131,sl
4132,bg
4133,bg
4134,sv
4135,fr
4136,fr
4137,bg
4138,fr
4139,sl
4140,ro
4141,lt
4142,da
4143,lt
4144,bg
4145,fr
4146,fr
4147,lv
4148,cs
4149,lv
4150,fr
4151,fr
4152,fr
4153,fi
4154,ro
4155,fr
4156,fr
4157,cs
4158,sk
4159,ro
4160,de
4161,lt
4162,fr
4163,hu
4164,fr
4165,hu
4166,fr
4167,ro
4168,et
4169,da
4170,bg
4171,sl
4172,fr
4173,ro
4174,lt
4175,sk
4176,fr
4177,et
4178,fr
4179,hu
4180,fr
4181,fr
4182,fr
4183,fr
4184,et
4185,fr
4186,fi
4187,fr
4188,fr
4189,sl
4190,de
4191,hu
4192,fr
4193,fi
4194,fr
4195,fr
4196,fr
4197,da
4198,fr
4199,fi
4200,sl
4201,fr
4202,fr
4203,bg
4204,fr
4205,fr
4206,fr
4207,el
4208,et
4209,et
4210,fr
4211,ro
4212,fr
4213,nl
4214,nl
4215,fr
4216,fr
4217,fr
4218,fi
4219,fr
4220,bg
4221,et
4222,fr
4223,el
4224,fr
4225,et
4226,fr
4227,fr
4228,lt
4229,sk
4230,el
4231,fr
4232,fr
4233,lt
4234,et
4235,fr
4236,et
4237,hu
4238,et
4239,fr
4240,sl
4241,fr
4242,lt
4243,lv
4244,fr
4245,cs
4246,et
4247,el
4248,fr
4249,lt
4250,bg
4251,fr
4252,hu
4253,sl
4254,cs
4255,et
4256,et
4257,fr
4258,lt
4259,fr
4260,fr
4261,fr
4262,fr
4263,fr
4264,fr
4265,fr
4266,bg
4267,et
4268,lt
4269,fr
4270,fr
4271,fr
4272,cs
4273,da
4274,et
4275,fr
4276,da
4277,fr
4278,bg
4279,lt
4280,fr
4281,fr
4282,bg
4283,fr
4284,et
4285,fr
4286,bg
4287,sl
4288,fr
4289,pt
4290,hu
4291,bg
4292,et
4293,et
4294,fr
4295,lt
4296,fr
4297,fr
4298,fr
4299,lt
4300,da
4301,lt
4302,fr
4303,fr
4304,fr
4305,bg
4306,da
4307,fr
4308,fr
4309,fr
4310,fr
4311,fr
4312,de
4313,da
4314,sk
4315,fr
4316,fr
4317,cs
4318,fi
4319,it
4320,lt
4321,bg
4322,lt
4323,ro
4324,cs
4325,da
4326,fr
4327,et
4328,et
4329,et
4330,lt
4331,el
4332,ro
4333,fr
4334,fr
4335,fr
4336,lt
4337,fr
4338,fr
4339,nl
4340,lv
4341,fr
4342,fr
4343,hu
4344,sl
4345,fr
4346,lv
4347,fr
4348,et
4349,bg
4350,lt
4351,et
4352,bg
4353,bg
4354,fr
4355,fr
4356,fr
4357,fr
4358,fi
4359,lt
4360,fr
4361,lt
4362,bg
4363,fr
4364,et
4365,de
4366,pl
4367,et
4368,et
4369,fi
4370,et
4371,pl
4372,fi
4373,lv
4374,fr
4375,fr
4376,lv
4377,sl
4378,fr
4379,el
4380,fr
4381,sl
4382,bg
4383,lv
4384,da
4385,lt
4386,fr
4387,fr
4388,et
4389,fr
4390,bg
4391,pl
4392,sl
4393,fr
4394,sk
4395,fr
4396,sk
4397,fr
4398,et
4399,fr
4400,fr
4401,el
4402,cs
4403,et
4404,sk
4405,fr
4406,pl
4407,lv
4408,cs
4409,fr
4410,hu
4411,hu
4412,sk
4413,lt
4414,sk
4415,fr
4416,fr
4417,lt
4418,fr
4419,fr
4420,lv
4421,fi
4422,sv
4423,hu
4424,hu
4425,hu
4426,fr
4427,bg
4428,da
4429,fi
4430,ro
4431,fr
4432,fr
4433,it
4434,sl
4435,hu
4436,fr
4437,fr
4438,fr
4439,da
4440,fr
4441,hu
4442,bg
4443,fr
4444,lt
4445,it
4446,fr
4447,el
4448,sk
4449,fr
4450,sk
4451,fi
4452,et
4453,lt
4454,fr
4455,sk
4456,fi
4457,hu
4458,fr
4459,lt
4460,fr
4461,pl
4462,lt
4463,pl
4464,cs
4465,fr
4466,cs
4467,da
4468,fr
4469,fr
4470,sv
4471,fr
4472,lt
4473,fr
4474,et
4475,bg
4476,el
4477,fr
4478,fr
4479,fr
4480,et
4481,fr
4482,fr
4483,fr
4484,hu
4485,lv
4486,el
4487,lt
4488,fr
4489,fr
4490,pl
4491,bg
4492,fr
4493,lt
4494,fr
4495,fi
4496,fr
4497,hu
4498,da
4499,da
4500,et
4501,et
4502,el
4503,da
4504,lt
4505,fi
4506,et
4507,fr
4508,fr
4509,fr
4510,nl
4511,fr
4512,fr
4513,fr
4514,lv
4515,sl
4516,sl
4517,fr
4518,it
4519,fr
4520,lt
4521,sk
4522,sk
4523,fr
4524,fi
4525,fi
4526,et
4527,sk
4528,et
4529,lt
4530,fr
4531,fr
4532,fr
4533,fr
4534,fr
4535,lt
4536,da
4537,sk
4538,fi
4539,fr
4540,lt
4541,pl
4542,fr
4543,lt
4544,fr
4545,fr
4546,it
4547,lt
4548,hu
4549,fi
4550,bg
4551,sk
4552,fr
4553,fr
4554,fr
4555,fr
4556,fr
4557,cs
4558,fr
4559,fr
4560,lt
4561,sk
4562,cs
4563,hu
4564,fr
4565,pl
4566,lt
4567,ro
4568,fr
4569,fr
4570,fr
4571,fr
4572,cs
4573,hu
4574,lv
4575,lv
4576,nl
4577,da
4578,et
4579,bg
4580,cs
4581,bg
4582,fr
4583,de
4584,cs
4585,fr
4586,fr
4587,cs
4588,fr
4589,cs
4590,et
4591,fi
4592,fr
4593,fr
4594,fr
4595,fr
4596,ro
4597,fr
4598,hu
4599,lt
4600,fr
4601,et
4602,cs
4603,pl
4604,pl
4605,fr
4606,fr
4607,fr
4608,sl
4609,fi
4610,lt
4611,da
4612,fr
4613,fr
4614,fi
4615,fr
4616,fr
4617,ro
4618,fi
4619,fr
4620,lt
4621,ro
4622,el
4623,sk
4624,bg
4625,fi
4626,sl
4627,fi
4628,pl
4629,cs
4630,fr
4631,hu
4632,fr
4633,da
4634,fr
4635,el
4636,pl
4637,fr
4638,ro
4639,cs
4640,cs
4641,da
4642,fr
4643,ro
4644,fr
4645,fr
4646,lt
4647,et
4648,fr
4649,fr
4650,sk
4651,cs
4652,sk
4653,ro
4654,fr
4655,hu
4656,ro
4657,fr
4658,et
4659,lt
4660,fi
4661,hu
4662,sv
4663,fr
4664,cs
4665,fr
4666,sl
4667,fr
4668,fr
4669,et
4670,fr
4671,pl
4672,fr
4673,sl
4674,nl
4675,et
4676,da
4677,da
4678,et
4679,fr
4680,lt
4681,et
4682,lv
4683,hu
4684,bg
4685,lt
4686,fr
4687,sk
4688,fi
4689,lt
4690,pl
4691,fr
4692,fr
4693,sl
4694,fr
4695,ro
4696,lt
4697,fr
4698,da
4699,fr
4700,el
4701,fi
4702,fi
4703,bg
4704,fr
4705,bg
4706,da
4707,hu
4708,fr
4709,ro
4710,lt
4711,nl
4712,fr
4713,fr
4714,da
4715,da
4716,pl
4717,cs
4718,fr
4719,lt
4720,fr
4721,fr
4722,fr
4723,fr
4724,lv
4725,lt
4726,da
4727,fr
4728,it
4729,hu
4730,da
4731,cs
4732,cs
4733,sk
4734,fr
4735,ro
4736,sk
4737,fr
4738,pl
4739,et
4740,ro
4741,fr
4742,fr
4743,ro
4744,fi
4745,el
4746,ro
4747,pt
4748,el
4749,da
4750,sk
4751,da
4752,nl
4753,et
4754,fr
4755,el
4756,pl
4757,fr
4758,fr
4759,lt
4760,fr
4761,fr
4762,da
4763,ro
4764,cs
4765,fr
4766,pl
4767,sk
4768,et
4769,hu
4770,da
4771,fr
4772,sl
4773,pl
4774,da
4775,lv
4776,cs
4777,hu
4778,hu
4779,fr
4780,et
4781,it
4782,fr
4783,sk
4784,pt
4785,bg
4786,fr
4787,ro
4788,et
4789,fr
4790,de
4791,fr
4792,de
4793,sk
4794,hu
4795,el
4796,da
4797,sk
4798,fr
4799,et
4800,bg
4801,sk
4802,da
4803,sv
4804,fr
4805,fr
4806,fr
4807,fi
4808,lv
4809,hu
4810,da
4811,nl
4812,fr
4813,fr
4814,fr
4815,fr
4816,fr
4817,fi
4818,fr
4819,cs
4820,et
4821,it
4822,da
4823,fr
4824,fr
4825,hu
4826,fr
4827,fr
4828,fr
4829,cs
4830,fr
4831,hu
4832,it
4833,lt
4834,fr
4835,fr
4836,lt
4837,hu
4838,lt
4839,da
4840,da
4841,hu
4842,fr
4843,it
4844,nl
4845,fr
4846,hu
4847,lv
4848,fr
4849,cs
4850,bg
4851,lt
4852,nl
4853,fr
4854,fr
4855,fr
4856,sk
4857,el
4858,fr
4859,fr
4860,hu
4861,da
4862,el
4863,fr
4864,fr
4865,bg
4866,fr
4867,fr
4868,fr
4869,ro
4870,fr
4871,lv
4872,fr
4873,it
4874,sv
4875,sl
4876,el
4877,fr
4878,fi
4879,fr
4880,lt
4881,fr
4882,fr
4883,et
4884,lt
4885,fi
4886,da
4887,lv
4888,fr
4889,fi
4890,el
4891,ro
4892,el
4893,fi
4894,ro
4895,el
4896,fr
4897,sl
4898,fi
4899,bg
4900,fr
4901,el
4902,fr
4903,da
4904,it
4905,lt
4906,lt
4907,nl
4908,sl
4909,et
4910,et
4911,da
4912,lt
4913,lt
4914,fr
4915,cs
4916,hu
4917,fr
4918,fr
4919,lt
4920,de
4921,el
4922,et
4923,sl
4924,fr
4925,fr
4926,fr
4927,fi
4928,sv
4929,et
4930,fr
4931,sk
4932,nl
4933,et
4934,et
4935,et
4936,bg
4937,lv
4938,fi
4939,et
4940,da
4941,da
4942,lt
4943,et
4944,cs
4945,cs
4946,cs
4947,hu
4948,fr
4949,de
4950,sl
4951,hu
4952,fr
4953,ro
4954,lt
4955,nl
4956,fr
4957,el
4958,et
4959,fr
4960,fr
4961,sl
4962,sk
4963,fr
4964,fr
4965,fr
4966,fr
4967,sk
4968,et
4969,sk
4970,fr
4971,it
4972,sl
4973,fr
4974,sv
4975,sl
4976,pl
4977,pl
4978,et
4979,fr
4980,et
4981,cs
4982,fr
4983,fr
4984,lv
4985,lv
4986,fr
4987,et
4988,de
4989,fr
4990,fr
4991,fr
4992,cs
4993,fr
4994,ro
4995,sv
4996,da
4997,hu
4998,da
4999,sl
5000,fr
5001,sv
5002,hu
5003,fr
5004,fr
5005,it
5006,cs
5007,ro
5008,fr
5009,et
5010,fi
5011,de
5012,da
5013,ro
5014,pl
5015,fr
5016,ro
5017,fr
5018,fr
5019,fr
5020,hu
5021,sl
5022,hu
5023,fr
5024,fi
5025,et
5026,da
5027,fr
5028,fi
5029,fr
5030,el
5031,cs
5032,fr
5033,pl
5034,fr
5035,it
5036,fr
5037,fr
5038,it
5039,lv
5040,et
5041,de
5042,lt
5043,fr
5044,da
5045,fi
5046,nl
5047,el
5048,fr
5049,fr
5050,fr
5051,it
5052,sl
5053,fr
5054,ro
5055,es
5056,et
5057,ro
5058,pl
5059,de
5060,hu
5061,sl
5062,sk
5063,lv
5064,sl
5065,fr
5066,ro
5067,da
5068,da
5069,lv
5070,lt
5071,fr
5072,fr
5073,fr
5074,it
5075,pl
5076,fr
5077,fr
5078,fr
5079,fi
5080,lt
5081,sv
5082,et
5083,et
5084,cs
5085,fr
5086,et
5087,sk
5088,pl
5089,sv
5090,ro
5091,bg
5092,es
5093,nl
5094,cs
5095,fr
5096,lt
5097,de
5098,fr
5099,fr
5100,lv
5101,el
5102,lt
5103,fi
5104,pt
5105,fr
5106,sv
5107,hu
5108,pl
5109,lv
5110,fr
5111,cs
5112,fr
5113,pl
5114,lt
5115,hu
5116,fr
5117,et
5118,fi
5119,pl
5120,fr
5121,bg
5122,el
5123,bg
5124,fr
5125,bg
5126,ro
5127,fi
5128,lt
5129,fr
5130,lt
5131,nl
5132,fr
5133,fr
5134,pl
5135,hu
5136,bg
5137,de
5138,sl
5139,it
5140,fr
5141,pl
5142,fr
5143,fr
5144,fr
5145,fr
5146,fr
5147,fr
5148,et
5149,fr
5150,sv
5151,hu
5152,fr
5153,bg
5154,ro
5155,fr
5156,fr
5157,fr
5158,fr
5159,fi
5160,cs
5161,fr
5162,el
5163,pt
5164,hu
5165,sk
5166,fr
5167,el
5168,et
5169,fr
5170,cs
5171,cs
5172,fr
5173,lv
5174,pl
5175,fr
5176,lv
5177,ro
5178,bg
5179,fi
5180,da
5181,pt
5182,cs
5183,fr
5184,el
5185,cs
5186,da
5187,lv
5188,fr
5189,lt
5190,fr
5191,et
5192,fr
5193,hu
5194,sl
5195,pl
5196,lv
5197,fr
5198,fr
5199,fr
5200,pl
5201,fr
5202,bg
5203,fr
5204,hu
5205,cs
5206,fr
5207,fr
5208,lt
5209,sk
5210,da
5211,lt
5212,fr
5213,fr
5214,fi
5215,sl
5216,sk
5217,lt
5218,cs
5219,pl
5220,fr
5221,fr
5222,de
5223,fr
5224,hu
5225,hu
5226,fr
5227,pl
5228,fr
5229,lv
5230,ro
5231,lt
5232,fi
5233,et
5234,bg
5235,et
5236,fr
5237,nl
5238,sv
5239,fr
5240,et
5241,fr
5242,sk
5243,fr
5244,fr
5245,de
5246,fr
5247,el
5248,pl
5249,bg
5250,fr
5251,hu
5252,pl
5253,fr
5254,da
5255,fr
5256,cs
5257,sk
5258,fr
5259,et
5260,fr
5261,sl
5262,lt
5263,sk
5264,sl
5265,lt
5266,fr
5267,cs
5268,fr
5269,nl
5270,cs
5271,fr
5272,fr
5273,lv
5274,sk
5275,fr
5276,fr
5277,fr
5278,bg
5279,fr
5280,da
5281,fi
5282,el
5283,hu
5284,sl
5285,el
5286,fr
5287,fr
5288,fr
5289,da
5290,sk
5291,fr
5292,sk
5293,et
5294,bg
5295,cs
5296,fr
5297,lt
5298,lt
5299,fr
5300,fr
5301,hu
5302,hu
5303,ro
5304,sl
5305,pt
5306,fr
5307,bg
5308,lv
5309,fr
5310,sk
5311,sl
5312,el
5313,lt
5314,fr
5315,et
5316,fr
5317,cs
5318,fr
5319,fr
5320,fr
5321,fr
5322,sv
5323,sl
5324,lv
5325,fr
5326,sl
5327,cs
5328,fr
5329,fr
5330,da
5331,fr
5332,ro
5333,fr
5334,fi
5335,lt
5336,fr
5337,fr
5338,hu
5339,sk
5340,et
5341,lt
5342,lv
5343,fr
5344,fr
5345,hu
5346,ro
5347,et
5348,fr
5349,sl
5350,fr
5351,fi
5352,da
5353,lt
5354,fr
5355,lt
5356,lv
5357,lt
5358,fr
5359,lt
5360,lt
5361,fr
5362,et
5363,de
5364,da
5365,fr
5366,cs
5367,fr
5368,da
5369,pl
5370,fr
5371,fi
5372,ro
5373,bg
5374,da
5375,pl
5376,cs
5377,fr
5378,fr
5379,sl
5380,fi
5381,fr
5382,hu
5383,fr
5384,it
5385,sv
5386,sv
5387,fr
5388,it
5389,fr
5390,sk
5391,fr
5392,lt
5393,et
5394,lv
5395,fr
5396,lt
5397,cs
5398,de
5399,fi
5400,et
5401,et
5402,fr
5403,hu
5404,et
5405,lt
5406,fr
5407,fr
5408,fr
5409,fr
5410,fr
5411,bg
5412,da
5413,bg
5414,da
5415,de
5416,fi
5417,sl
5418,fr
5419,fr
5420,lt
5421,fr
5422,hu
5423,et
5424,de
5425,lt
5426,lt
5427,lt
5428,et
5429,fr
5430,fr
5431,fr
5432,it
5433,lt
5434,fr
5435,hu
5436,hu
5437,fr
5438,fr
5439,fr
5440,nl
5441,fr
5442,lt
5443,fi
5444,fr
5445,fr
5446,lt
5447,fr
5448,pl
5449,bg
5450,fr
5451,fr
5452,fi
5453,fr
5454,ro
5455,fr
5456,fr
5457,et
5458,cs
5459,fr
5460,fr
5461,bg
5462,et
5463,da
5464,nl
5465,fi
5466,fr
5467,fr
5468,hu
5469,sl
5470,da
5471,ro
5472,hu
5473,nl
5474,da
5475,fr
5476,bg
5477,fr
5478,sl
5479,fr
5480,fr
5481,fr
5482,bg
5483,fr
5484,fr
5485,fi
5486,da
5487,cs
5488,fr
5489,cs
5490,fr
5491,fr
5492,fr
5493,fr
5494,ro
5495,fr
5496,el
5497,fr
5498,fr
5499,fr
5500,it
5501,de
5502,ro
5503,lt
5504,da
5505,fr
5506,et
5507,ro
5508,et
5509,fr
5510,bg
5511,et
5512,it
5513,sl
5514,ro
5515,fr
5516,sl
5517,sl
5518,sl
5519,it
5520,de
5521,fr
5522,cs
5523,lv
5524,fr
5525,fr
5526,fr
5527,sk
5528,fr
5529,lv
5530,lt
5531,ro
5532,fr
5533,bg
5534,fr
5535,fr
5536,fr
5537,fr
5538,it
5539,sl
5540,fi
5541,hu
5542,cs
5543,bg
5544,fr
5545,hu
5546,pl
5547,pl
5548,cs
5549,lt
5550,it
5551,sl
5552,sl
5553,da
5554,fr
5555,lv
5556,fr
5557,lt
5558,lt
5559,fr
5560,lt
5561,el
5562,it
5563,ro
5564,sl
5565,el
5566,et
5567,el
5568,et
5569,bg
5570,fr
5571,fr
5572,fr
5573,fr
5574,et
5575,hu
5576,fr
5577,sk
5578,et
5579,da
5580,lt
5581,et
5582,lt
5583,fr
5584,bg
5585,fr
5586,pl
5587,lt
5588,bg
5589,de
5590,lt
5591,lt
5592,fr
5593,et
5594,sl
5595,sl
5596,cs
5597,da
5598,fr
5599,bg
5600,lv
5601,fr
5602,it
5603,et
5604,fr
5605,hu
5606,lt
5607,lt
5608,cs
5609,hu
5610,et
5611,fr
5612,hu
5613,lv
5614,fr
5615,lt
5616,et
5617,fr
5618,fr
5619,da
5620,fr
5621,fr
5622,et
5623,fr
5624,fr
5625,fr
5626,lt
5627,sk
5628,fr
5629,et
5630,fr
5631,bg
5632,et
5633,fr
5634,it
5635,lt
5636,lt
5637,fi
5638,fr
5639,it
5640,da
5641,lt
5642,fr
5643,lv
5644,bg
5645,bg
5646,lv
5647,da
5648,sk
5649,fr
5650,lt
5651,el
5652,fr
5653,da
5654,lv
5655,fr
5656,sk
5657,fr
5658,da
5659,ro
5660,hu
5661,et
5662,cs
5663,fr
5664,lv
5665,lt
5666,fr
5667,ro
5668,fr
5669,fr
5670,cs
5671,fr
5672,et
5673,hu
5674,lt
5675,lt
5676,lt
5677,cs
5678,sl
5679,et
5680,pl
5681,nl
5682,it
5683,fi
5684,lv
5685,et
5686,lt
5687,lt
5688,fr
5689,lt
5690,fr
5691,fr
5692,fr
5693,sl
5694,cs
5695,fr
5696,fr
5697,fr
5698,cs
5699,fr
5700,fr
5701,cs
5702,da
5703,sk
5704,lv
5705,et
5706,fr
5707,hu
5708,da
5709,fr
5710,cs
5711,fi
5712,nl
5713,hu
5714,de
5715,lt
5716,sk
5717,cs
5718,fr
5719,fi
5720,hu
5721,lt
5722,fr
5723,fr
5724,pt
5725,fr
5726,fr
5727,es
5728,hu
5729,fr
5730,fr
5731,el
5732,ro
5733,cs
5734,lt
5735,fi
5736,da
5737,fr
5738,el
5739,fr
5740,pl
5741,et
5742,fr
5743,de
5744,fr
5745,fr
5746,pt
5747,fr
5748,fr
5749,lt
5750,fr
5751,hu
5752,et
5753,sk
5754,da
5755,fr
5756,et
5757,ro
5758,lt
5759,fr
5760,bg
5761,da
5762,fr
5763,lt
5764,et
5765,ro
5766,hu
5767,lt
5768,nl
5769,fr
5770,fr
5771,fr
5772,fr
5773,el
5774,el
5775,fi
5776,fr
5777,fr
5778,nl
5779,fr
5780,fr
5781,da
5782,lt
5783,sk
5784,fr
5785,fr
5786,fr
5787,lv
5788,sk
5789,et
5790,fr
5791,it
5792,fr
5793,sl
5794,sk
5795,fr
5796,et
5797,sl
5798,pl
5799,da
5800,lv
5801,lt
5802,hu
5803,lv
5804,et
5805,sl
5806,pl
5807,fr
5808,hu
5809,fr
5810,da
5811,fr
5812,fi
5813,fr
5814,fr
5815,fr
5816,da
5817,fr
5818,lv
5819,fi
5820,lv
5821,lt
5822,sl
5823,et
5824,fr
5825,fi
5826,da
5827,sl
5828,da
5829,el
5830,hu
5831,fr
5832,pl
5833,fr
5834,et
5835,sk
5836,nl
5837,it
5838,it
5839,bg
5840,da
5841,el
5842,hu
5843,fr
5844,pl
5845,sk
5846,bg
5847,sl
5848,sv
5849,el
5850,lv
5851,el
5852,et
5853,fr
5854,el
5855,fi
5856,fr
5857,bg
5858,sl
5859,fr
5860,fr
5861,lt
5862,fr
5863,lt
5864,fi
5865,pl
5866,fr
5867,sk
5868,fr
5869,lt
5870,ro
5871,fr
5872,fr
5873,el
5874,et
5875,fr
5876,fr
5877,fr
5878,fr
5879,sv
5880,el
5881,fr
5882,sk
5883,fr
5884,da
5885,fr
5886,it
5887,fr
5888,fr
5889,fr
5890,fr
5891,sk
5892,fr
5893,lt
5894,fr
5895,fr
5896,fr
5897,fr
5898,fr
5899,fi
5900,lt
5901,fr
5902,cs
5903,lv
5904,cs
5905,nl
5906,fr
5907,lt
5908,fr
5909,hu
5910,fi
5911,fr
5912,bg
5913,fr
5914,da
5915,fr
5916,bg
5917,fr
5918,el
5919,lt
5920,fr
5921,fr
5922,fr
5923,fr
5924,lv
5925,pl
5926,fr
5927,sk
5928,fr
5929,da
5930,fr
5931,fr
5932,lt
5933,nl
5934,fr
5935,sk
5936,hu
5937,fr
5938,et
5939,fr
5940,pl
5941,cs
5942,fr
5943,cs
5944,cs
5945,lt
5946,pl
5947,lt
5948,fr
5949,lt
5950,fr
5951,da
5952,sk
5953,it
5954,fr
5955,sl
5956,fr
5957,et
5958,pl
5959,da
5960,lt
5961,cs
5962,fr
5963,fr
5964,cs
5965,pl
5966,cs
5967,ro
5968,fi
5969,fr
5970,sl
5971,fi
5972,fr
5973,fi
5974,lv
5975,fr
5976,fr
5977,fr
5978,da
5979,fr
5980,sk
5981,da
5982,da
5983,et
5984,ro
5985,de
5986,fr
5987,cs
5988,et
5989,fr
5990,fr
5991,hu
5992,et
5993,lt
5994,nl
5995,lv
5996,it
5997,fr
5998,sl
5999,da
6000,da
6001,fr
6002,it
6003,cs
6004,fr
6005,sk
6006,lt
6007,fr
6008,lt
6009,fr
6010,et
6011,fr
6012,bg
6013,fr
6014,fr
6015,lt
6016,sv
6017,pl
6018,el
6019,fr
6020,bg
6021,fi
6022,cs
6023,da
6024,pl
6025,fr
6026,it
6027,el
6028,hu
6029,it
6030,fr
6031,lv
6032,fr
6033,fr
6034,fi
6035,fr
6036,fr
6037,fr
6038,sl
6039,cs
6040,sk
6041,hu
6042,fr
6043,cs
6044,da
6045,et
6046,fr
6047,fr
6048,lv
6049,fr
6050,fr
6051,fr
6052,fr
6053,ro
6054,lt
6055,ro
6056,fr
6057,fr
6058,et
6059,fr
6060,lt
6061,fr
6062,fr
6063,ro
6064,fi
6065,fr
6066,cs
6067,fr
6068,cs
6069,lt
6070,sk
6071,lt
6072,fr
6073,hu
6074,fr
6075,fr
6076,el
6077,bg
6078,pl
6079,da
6080,fi
6081,lt
6082,lv
6083,lt
6084,lt
6085,hu
6086,et
6087,fr
6088,it
6089,sl
6090,hu
6091,fi
6092,sv
6093,lt
6094,sk
6095,pl
6096,fr
6097,fr
6098,fr
6099,es
6100,et
6101,fr
6102,fr
6103,pl
6104,lt
6105,fr
6106,fr
6107,fr
6108,fr
6109,lt
6110,bg
6111,lt
6112,cs
6113,el
6114,el
6115,da
6116,et
6117,lv
6118,fr
6119,fr
6120,fr
6121,fr
6122,fr
6123,fr
6124,fr
6125,fr
6126,fr
6127,fr
6128,lt
6129,fr
6130,fi
6131,fr
6132,it
6133,fr
6134,lt
6135,pl
6136,lt
6137,lt
6138,fr
6139,lv
6140,de
6141,fr
6142,it
6143,bg
6144,fr
6145,hu
6146,hu
6147,fr
6148,sl
6149,it
6150,pl
6151,fi
6152,lt
6153,fi
6154,fr
6155,hu
6156,sk
6157,fr
6158,fr
6159,pl
6160,lv
6161,fi
6162,fr
6163,el
6164,cs
6165,fr
6166,da
6167,fr
6168,fr
6169,sl
6170,ro
6171,cs
6172,lt
6173,lt
6174,fr
6175,da
6176,pl
6177,fr
6178,cs
6179,fr
6180,fr
6181,de
6182,fr
6183,fr
6184,hu
6185,ro
6186,lt
6187,hu
6188,sl
6189,fr
6190,fr
6191,fr
6192,fr
6193,et
6194,lv
6195,lt
6196,fr
6197,cs
6198,fr
6199,pl
6200,fr
6201,pl
6202,fr
6203,fr
6204,et
6205,pl
6206,fr
6207,fr
6208,fr
6209,hu
6210,lt
6211,fr
6212,fr
6213,nl
6214,bg
6215,et
6216,lt
6217,fr
6218,fr
6219,fi
6220,hu
6221,lt
6222,hu
6223,fi
6224,pl
6225,fr
6226,fi
6227,pl
6228,lt
6229,lt
6230,pl
6231,fr
6232,fr
6233,bg
6234,fr
6235,it
6236,fr
6237,fr
6238,bg
6239,lt
6240,cs
6241,lt
6242,sk
6243,fr
6244,fr
6245,lt
6246,sl
6247,et
6248,lt
6249,sk
6250,fr
6251,et
6252,pl
6253,et
6254,pl
6255,et
6256,fr
6257,lv
6258,sl
6259,fr
6260,ro
6261,da
6262,hu
6263,et
6264,fr
6265,sl
6266,hu
6267,fr
6268,bg
6269,da
6270,da
6271,ro
6272,lt
6273,cs
6274,fr
6275,de
6276,sk
6277,hu
6278,fr
6279,it
6280,fr
6281,fr
6282,fr
6283,lt
6284,lv
6285,fr
6286,cs
6287,lt
6288,fr
6289,fr
6290,fr
6291,fi
6292,fr
6293,it
6294,fr
6295,hu
6296,sl
6297,pl
6298,fr
6299,sl
6300,cs
6301,sk
6302,fr
6303,nl
6304,pl
6305,lv
6306,ro
6307,fr
6308,lv
6309,lt
6310,lt
6311,lv
6312,hu
6313,sl
6314,cs
6315,fr
6316,fr
6317,da
6318,ro
6319,fr
6320,fr
6321,sk
6322,bg
6323,el
6324,lt
6325,et
6326,el
6327,lv
6328,fr
6329,fr
6330,de
6331,bg
6332,el
6333,el
6334,de
6335,fi
6336,lt
6337,fr
6338,el
6339,et
6340,lt
6341,fr
6342,lt
6343,bg
6344,fr
6345,fr
6346,hu
6347,fr
6348,fr
6349,de
6350,sl
6351,el
6352,bg
6353,sk
6354,lt
6355,fr
6356,lt
6357,fr
6358,sk
6359,fr
6360,de
6361,fr
6362,da
6363,fr
6364,fr
6365,fr
6366,sl
6367,sk
6368,fr
6369,fr
6370,fr
6371,lt
6372,fi
6373,fr
6374,cs
6375,cs
6376,lt
6377,sk
6378,it
6379,hu
6380,lt
6381,et
6382,sl
6383,sl
6384,da
6385,lt
6386,nl
6387,fr
6388,hu
6389,fr
6390,fr
6391,sk
6392,nl
6393,lt
6394,bg
6395,sv
6396,cs
6397,et
6398,sk
6399,de
6400,fr
6401,lt
6402,da
6403,et
6404,fr
6405,fr
6406,fr
6407,sl
6408,fr
6409,fr
6410,cs
6411,fr
6412,fr
6413,fr
6414,sl
6415,fr
6416,fr
6417,nl
6418,fr
6419,lt
6420,sl
6421,fr
6422,lt
6423,ro
6424,bg
6425,fr
6426,lt
6427,fr
6428,fi
6429,sl
6430,fr
6431,fr
6432,et
6433,et
6434,fr
6435,fi
6436,fr
6437,fr
6438,fr
6439,cs
6440,fr
6441,sk
6442,fr
6443,lt
6444,fr
6445,el
6446,fr
6447,it
6448,lt
6449,lv
6450,hu
6451,et
6452,fi
6453,fr
6454,bg
6455,fr
6456,cs
6457,et
6458,fr
6459,de
6460,et
6461,pl
6462,lv
6463,sk
6464,fr
6465,da
6466,sk
6467,sv
6468,cs
6469,fr
6470,lt
6471,da
6472,da
6473,el
6474,fr
6475,et
6476,hu
6477,fr
6478,hu
6479,sl
6480,lt
6481,fr
6482,fr
6483,fr
6484,sk
6485,bg
6486,sv
6487,da
6488,pt
6489,fr
6490,hu
6491,fr
6492,fr
6493,sl
6494,et
6495,lt
6496,fi
6497,fr
6498,fr
6499,cs
6500,lv
6501,fi
6502,el
6503,fr
6504,bg
6505,lt
6506,it
6507,it
6508,da
6509,lt
6510,et
6511,fr
6512,et
6513,lt
6514,et
6515,et
6516,fr
6517,el
6518,fr
6519,lt
6520,fr
6521,et
6522,fr
6523,lv
6524,fr
6525,fr
6526,et
6527,fi
6528,sl
6529,fr
6530,lt
6531,ro
6532,fr
6533,cs
6534,fr
6535,et
6536,fr
6537,fr
6538,fr
6539,lt
6540,sk
6541,hu
6542,fr
6543,da
6544,cs
6545,nl
6546,bg
6547,lt
6548,sk
6549,et
6550,ro
6551,sl
6552,fr
6553,lt
6554,da
6555,fr
6556,fr
6557,fr
6558,fr
6559,pl
6560,fr
6561,fr
6562,fr
6563,fr
6564,fr
6565,sk
6566,fr
6567,pl
6568,sk
6569,fi
6570,fr
6571,fr
6572,sl
6573,et
6574,fr
6575,fr
6576,hu
6577,fr
6578,fr
6579,cs
6580,fr
6581,bg
6582,sk
6583,et
6584,cs
6585,hu
6586,lt
6587,it
6588,da
6589,et
6590,el
6591,lt
6592,el
6593,fr
6594,sl
6595,ro
6596,fr
6597,lt
6598,ro
6599,lt
6600,fr
6601,lv
6602,cs
6603,fr
6604,fi
6605,fr
6606,fr
6607,fr
6608,fr
6609,fr
6610,fi
6611,da
6612,sk
6613,lv
6614,fr
6615,pl
6616,fr
6617,nl
6618,da
6619,lt
6620,hu
6621,fr
6622,fr
6623,sl
6624,sv
6625,cs
6626,fr
6627,sl
6628,fr
6629,hu
6630,fr
6631,lt
6632,fr
6633,lv
6634,cs
6635,ro
6636,de
6637,pl
6638,da
6639,et
6640,sk
6641,fr
6642,fr
6643,hu
6644,fr
6645,nl
6646,pl
6647,it
6648,pl
6649,bg
6650,fr
6651,lt
6652,fr
6653,lv
6654,el
6655,el
6656,fr
6657,fr
6658,sl
6659,fr
6660,lv
6661,sl
6662,sk
6663,ro
6664,ro
6665,lv
6666,lt
6667,el
6668,fr
6669,lt
6670,hu
6671,lt
6672,fr
6673,fr
6674,nl
6675,da
6676,hu
6677,el
6678,pl
6679,sk
6680,fr
6681,it
6682,nl
6683,ro
6684,et
6685,nl
6686,pl
6687,pl
6688,et
6689,fi
6690,hu
6691,sl
6692,fi
6693,fr
6694,da
6695,sk
6696,lv
6697,fr
6698,sk
6699,sv
6700,cs
6701,lt
6702,et
6703,sl
6704,sk
6705,pl
6706,fr
6707,sk
6708,lt
6709,fr
6710,pt
6711,fr
6712,da
6713,fr
6714,lt
6715,et
6716,fr
6717,et
6718,cs
6719,bg
6720,cs
6721,da
6722,sl
6723,fr
6724,fr
6725,cs
6726,lt
6727,hu
6728,ro
6729,cs
6730,ro
6731,fr
6732,pl
6733,fr
6734,fr
6735,fr
6736,fr
6737,da
6738,it
6739,lt
6740,fi
6741,et
6742,fr
6743,fr
6744,fr
6745,lv
6746,hu
6747,fr
6748,ro
6749,lt
6750,et
6751,bg
6752,lt
6753,hu
6754,fr
6755,fr
6756,lt
6757,sl
6758,fr
6759,pt
6760,da
6761,et
6762,fr
6763,sk
6764,fr
6765,fr
6766,fr
6767,fr
6768,bg
6769,fr
6770,sl
6771,hu
6772,fr
6773,et
6774,fr
6775,pl
6776,fr
6777,fi
6778,fr
6779,fr
6780,de
6781,et
6782,fr
6783,ro
6784,fr
6785,el
6786,lt
6787,sl
6788,fr
6789,lt
6790,fr
6791,fr
6792,hu
6793,fi
6794,fi
6795,fi
6796,ro
6797,lv
6798,da
6799,lt
6800,it
6801,fr
6802,et
6803,fr
6804,lt
6805,fi
6806,da
6807,et
6808,fr
6809,bg
6810,fr
6811,pl
6812,fi
6813,sl
6814,fi
6815,lt
6816,et
6817,fr
6818,fr
6819,lt
6820,fr
6821,hu
6822,cs
6823,et
6824,fr
6825,fr
6826,fr
6827,sk
6828,fr
6829,fr
6830,lt
6831,sl
6832,nl
6833,fr
6834,nl
6835,it
6836,hu
6837,fr
6838,fr
6839,fr
6840,lt
6841,fr
6842,cs
6843,bg
6844,lt
6845,fr
6846,pl
6847,pl
6848,ro
6849,lt
6850,da
6851,sk
6852,fr
6853,fr
6854,cs
6855,cs
6856,sl
6857,lv
6858,it
6859,hu
6860,bg
6861,lt
6862,fr
6863,cs
6864,lt
6865,fi
6866,hu
6867,pl
6868,fr
6869,fr
6870,fr
6871,sl
6872,de
6873,nl
6874,bg
6875,hu
6876,fr
6877,fr
6878,sl
6879,fr
6880,cs
6881,cs
6882,fr
6883,lt
6884,fr
6885,ro
6886,lt
6887,fr
6888,sk
6889,fr
6890,sk
6891,da
6892,lt
6893,fr
6894,et
6895,lt
6896,lv
6897,cs
6898,sl
6899,cs
6900,hu
6901,fr
6902,fr
6903,bg
6904,fi
6905,de
6906,fi
6907,lv
6908,et
6909,lt
6910,sk
6911,bg
6912,lv
6913,fr
6914,da
6915,da
6916,fi
6917,fi
6918,sk
6919,nl
6920,bg
6921,da
6922,fr
6923,fi
6924,cs
6925,da
6926,fr
6927,fi
6928,fr
6929,fr
6930,sl
6931,fr
6932,fr
6933,fr
6934,hu
6935,fi
6936,fi
6937,lt
6938,fr
6939,pl
6940,el
6941,bg
6942,fr
6943,fr
6944,sl
6945,sk
6946,it
6947,lt
6948,fi
6949,et
6950,da
6951,fr
6952,fr
6953,cs
6954,pl
6955,fr
6956,fr
6957,cs
6958,fr
6959,fr
6960,fr
6961,lv
6962,lv
6963,fi
6964,da
6965,et
6966,fr
6967,fr
6968,el
6969,lv
6970,cs
6971,lt
6972,et
6973,fr
6974,fr
6975,cs
6976,fr
6977,fi
6978,da
6979,fr
6980,lt
6981,et
6982,sk
6983,lv
6984,fr
6985,lt
6986,sk
6987,et
6988,fr
6989,hu
6990,et
6991,fr
6992,fr
6993,cs
6994,fr
6995,it
6996,fr
6997,fr
6998,fr
6999,it
7000,fr
7001,fr
7002,lt
7003,lt
7004,sk
7005,hu
7006,fr
7007,et
7008,sk
7009,et
7010,lt
7011,fr
7012,fr
7013,sk
7014,el
7015,fr
7016,fr
7017,sl
7018,lv
7019,fr
7020,sl
7021,lv
7022,nl
7023,ro
7024,el
7025,da
7026,da
7027,el
7028,fr
7029,el
7030,bg
7031,et
7032,fi
7033,et
7034,et
7035,fr
7036,pt
7037,fr
7038,cs
7039,et
7040,da
7041,fr
7042,sv
7043,et
7044,fr
7045,fr
7046,fi
7047,sv
7048,sl
7049,fr
7050,lt
7051,ro
7052,da
7053,hu
7054,sl
7055,fi
7056,pl
7057,sl
7058,hu
7059,sl
7060,hu
7061,lv
7062,et
7063,fr
7064,lt
7065,fr
7066,hu
7067,fr
7068,nl
7069,hu
7070,et
7071,sk
7072,pl
7073,el
7074,fr
7075,da
7076,fr
7077,sl
7078,et
7079,hu
7080,et
7081,fr
7082,ro
7083,et
7084,el
7085,fr
7086,fr
7087,fr
7088,it
7089,fi
7090,ro
7091,cs
7092,lt
7093,lt
7094,fr
7095,et
7096,da
7097,lv
7098,fi
7099,fr
7100,da
7101,fr
7102,hu
7103,nl
7104,pl
7105,bg
7106,cs
7107,de
7108,fr
7109,bg
7110,fr
7111,fr
7112,fr
7113,nl
7114,sl
7115,fr
7116,lt
7117,sl
7118,ro
7119,sl
7120,sk
7121,fr
7122,lt
7123,bg
7124,hu
7125,fr
7126,fr
7127,fr
7128,hu
7129,fr
7130,et
7131,bg
7132,da
7133,fr
7134,cs
7135,hu
7136,el
7137,hu
7138,it
7139,fr
7140,lt
7141,fi
7142,da
7143,fr
7144,fr
7145,bg
7146,it
7147,fr
7148,fr
7149,cs
7150,sk
7151,pl
7152,fr
7153,el
7154,sl
7155,fr
7156,da
7157,bg
7158,fr
7159,fr
7160,sv
7161,et
7162,fr
7163,lt
7164,ro
7165,sl
7166,sk
7167,fi
7168,sl
7169,fr
7170,cs
7171,fr
7172,et
7173,lt
7174,fr
7175,lt
7176,fr
7177,fr
7178,hu
7179,fr
7180,fr
7181,pl
7182,cs
7183,fr
7184,hu
7185,fr
7186,lt
7187,lt
7188,fr
7189,bg
7190,da
7191,fr
7192,nl
7193,et
7194,lt
7195,lt
7196,pl
7197,pl
7198,nl
7199,lt
7200,cs
7201,sl
7202,lt
7203,bg
7204,fr
7205,fr
7206,el
7207,el
7208,fr
7209,lt
7210,fr
7211,fr
7212,lv
7213,pt
7214,fr
7215,da
7216,fi
7217,lt
7218,fr
7219,cs
7220,fr
7221,it
7222,sl
7223,fr
7224,fr
7225,fi
7226,hu
7227,lv
7228,lt
7229,fr
7230,sk
7231,fr
7232,el
7233,da
7234,fr
7235,fr
7236,sk
7237,sk
7238,hu
7239,fr
7240,lt
7241,nl
7242,lt
7243,et
7244,pl
7245,da
7246,ro
7247,sl
7248,et
7249,lt
7250,bg
7251,sl
7252,et
7253,es
7254,lt
7255,lt
7256,bg
7257,it
7258,it
7259,ro
7260,fi
7261,fr
7262,sl
7263,pl
7264,fr
7265,lt
7266,lv
7267,fi
7268,et
7269,hu
7270,lt
7271,fr
7272,el
7273,fr
7274,fr
7275,fr
7276,fr
7277,fr
7278,el
7279,fr
7280,sk
7281,et
7282,fr
7283,fr
7284,sl
7285,fr
7286,da
7287,fr
7288,fr
7289,cs
7290,ro
7291,lv
7292,fr
7293,sk
7294,ro
7295,fr
7296,fr
7297,et
7298,sl
7299,lt
7300,lt
7301,fr
7302,hu
7303,fr
7304,fr
7305,sk
7306,sv
7307,hu
7308,cs
7309,fr
7310,et
7311,sv
7312,fr
7313,fr
7314,sk
7315,el
7316,fr
7317,fr
7318,fi
7319,fr
7320,fr
7321,sl
7322,sk
7323,sv
7324,fr
7325,fr
7326,fr
7327,hu
7328,lt
7329,hu
7330,fr
7331,fr
7332,lt
7333,et
7334,da
7335,lv
7336,cs
7337,sl
7338,cs
7339,ro
7340,da
7341,fi
7342,cs
7343,nl
7344,fr
7345,bg
7346,fr
7347,it
7348,et
7349,fr
7350,lt
7351,lt
7352,nl
7353,pl
7354,sk
7355,fr
7356,fr
7357,lt
7358,et
7359,cs
7360,fr
7361,fr
7362,fr
7363,fr
7364,sl
7365,lt
7366,da
7367,bg
7368,lv
7369,pl
7370,fr
7371,it
7372,fr
7373,cs
7374,fr
7375,nl
7376,el
7377,sl
7378,sl
7379,da
7380,fr
7381,it
7382,it
7383,fr
7384,fr
7385,fi
7386,fr
7387,fr
7388,ro
7389,de
7390,fr
7391,et
7392,fr
7393,et
7394,fr
7395,fr
7396,sl
7397,sk
7398,fr
7399,da
7400,lt
7401,fr
7402,fr
7403,et
7404,fr
7405,sk
7406,cs
7407,sk
7408,lt
7409,et
7410,hu
7411,lt
7412,et
7413,sl
7414,sl
7415,nl
7416,cs
7417,fr
7418,fr
7419,pl
7420,sk
7421,it
7422,hu
7423,sl
7424,de
7425,lt
7426,fi
7427,da
7428,fr
7429,et
7430,fr
7431,da
7432,cs
7433,fr
7434,sl
7435,sl
7436,fr
7437,sk
7438,et
7439,fr
7440,fr
7441,fr
7442,cs
7443,pl
7444,fr
7445,fi
7446,fr
7447,lv
7448,fr
7449,lt
7450,it
7451,fr
7452,fr
7453,lt
7454,sk
7455,lt
7456,lv
7457,hu
7458,de
7459,fr
7460,fi
7461,pl
7462,fi
7463,hu
7464,da
7465,it
7466,fr
7467,fr
7468,lt
7469,lt
7470,el
7471,fr
7472,it
7473,fr
7474,fr
7475,fr
7476,fr
7477,fr
7478,fr
7479,fr
7480,fr
7481,fr
7482,fr
7483,da
7484,fr
7485,fr
7486,cs
7487,pl
7488,fr
7489,hu
7490,sk
7491,pl
7492,et
7493,sk
7494,fr
7495,fr
7496,fr
7497,lt
7498,fr
7499,lt
7500,sl
7501,fr
7502,fr
7503,el
7504,nl
7505,fr
7506,lt
7507,lt
7508,sl
7509,fr
7510,hu
7511,lv
7512,lt
7513,cs
7514,lt
7515,lt
7516,hu
7517,it
7518,fr
7519,fr
7520,da
7521,fr
7522,fr
7523,fr
7524,da
7525,lv
7526,et
7527,fr
7528,it
7529,lt
7530,pl
7531,fr
7532,hu
7533,fr
7534,sk
7535,pt
7536,sk
7537,fr
7538,lv
7539,ro
7540,fr
7541,ro
7542,pl
7543,fr
7544,fr
7545,fr
7546,lt
7547,pl
7548,fr
7549,lt
7550,sk
7551,sl
7552,pl
7553,el
7554,lt
7555,fr
7556,ro
7557,hu
7558,et
7559,fr
7560,cs
7561,fi
7562,el
7563,fr
7564,lt
7565,fr
7566,bg
7567,fi
7568,sv
7569,fr
7570,fr
7571,sl
7572,fr
7573,nl
7574,sl
7575,fr
7576,lt
7577,fr
7578,fr
7579,fi
7580,sk
7581,et
7582,el
7583,pl
7584,sl
7585,hu
7586,et
7587,fr
7588,et
7589,lt
7590,fr
7591,fr
7592,fr
7593,sk
7594,el
7595,fr
7596,fr
7597,lv
7598,sv
7599,bg
7600,cs
7601,da
7602,ro
7603,fr
7604,lt
7605,fr
7606,cs
7607,it
7608,fr
7609,hu
7610,el
7611,fr
7612,pl
7613,fr
7614,ro
7615,fr
7616,fr
7617,sv
7618,lv
7619,fr
7620,fi
7621,hu
7622,et
7623,fr
7624,lt
7625,da
7626,cs
7627,fr
7628,et
7629,fr
7630,fr
7631,de
7632,fr
7633,it
7634,lt
7635,hu
7636,da
7637,pt
7638,da
7639,fr
7640,fr
7641,sl
7642,de
7643,de
7644,fi
7645,lt
7646,sv
7647,el
7648,pl
7649,lt
7650,ro
7651,lt
7652,lt
7653,sl
7654,lt
7655,sl
7656,cs
7657,fi
7658,it
7659,it
7660,fr
7661,sl
7662,bg
7663,cs
7664,fr
7665,sk
7666,fr
7667,it
7668,lt
7669,fr
7670,et
7671,da
7672,fr
7673,lt
7674,fr
7675,sl
7676,el
7677,da
7678,hu
7679,nl
7680,sk
7681,et
7682,hu
7683,cs
7684,da
7685,fr
7686,sl
7687,el
7688,el
7689,fr
7690,fr
7691,it
7692,sl
7693,pl
7694,fr
7695,cs
7696,fr
7697,fr
7698,nl
7699,lt
7700,sk
7701,sl
7702,et
7703,pl
7704,fr
7705,fr
7706,fi
7707,el
7708,bg
7709,lt
7710,el
7711,fr
7712,sl
7713,fr
7714,ro
7715,sl
7716,lv
7717,fr
7718,et
7719,da
7720,cs
7721,fr
7722,lt
7723,fr
7724,fr
7725,sl
7726,fr
7727,sk
7728,fr
7729,fr
7730,fr
7731,lv
7732,da
7733,ro
7734,fr
7735,cs
7736,fr
7737,sk
7738,sk
7739,sk
7740,bg
7741,it
7742,pl
7743,lt
7744,fi
7745,el
7746,fr
7747,lt
7748,hu
7749,hu
7750,lv
7751,et
7752,lv
7753,fr
7754,sk
7755,fr
7756,et
7757,fi
7758,lt
7759,lt
7760,hu
7761,lt
7762,cs
7763,fr
7764,lt
7765,fr
7766,sl
7767,bg
7768,fr
7769,fr
7770,nl
7771,ro
7772,fr
7773,fr
7774,fr
7775,da
7776,lv
7777,sl
7778,de
7779,da
7780,fi
7781,sv
7782,hu
7783,bg
7784,lt
7785,fr
7786,cs
7787,fr
7788,hu
7789,fr
7790,fr
7791,da
7792,fi
7793,fr
7794,fr
7795,fr
7796,lt
7797,fr
7798,ro
7799,bg
7800,et
7801,sk
7802,bg
7803,bg
7804,cs
7805,et
7806,fr
7807,fr
7808,fr
7809,da
7810,lv
7811,nl
7812,fr
7813,ro
7814,lv
7815,fr
7816,fr
7817,lv
7818,fr
7819,fr
7820,fr
7821,it
7822,fr
7823,et
7824,et
7825,fr
7826,fr
7827,sv
7828,it
7829,fr
7830,el
7831,fr
7832,cs
7833,da
7834,fi
7835,hu
7836,ro
7837,lv
7838,bg
7839,cs
7840,sl
7841,sk
7842,fr
7843,de
7844,fr
7845,bg
7846,fi
7847,de
7848,fr
7849,fr
7850,hu
7851,cs
7852,fi
7853,et
7854,lt
7855,hu
7856,da
7857,sk
7858,fr
7859,da
7860,da
7861,lt
7862,fr
7863,lt
7864,ro
7865,bg
7866,fr
7867,sv
7868,fr
7869,lt
7870,fr
7871,lt
7872,fr
7873,sk
7874,fr
7875,fr
7876,fr
7877,fr
7878,et
7879,fr
7880,hu
7881,sl
7882,fr
7883,lt
7884,ro
7885,et
7886,lt
7887,lt
7888,fr
7889,lv
7890,fr
7891,fr
7892,fr
7893,pl
7894,lt
7895,fr
7896,et
7897,bg
7898,lt
7899,pl
7900,fr
7901,lt
7902,bg
7903,fr
7904,fr
7905,fr
7906,fr
7907,fr
7908,et
7909,ro
7910,sl
7911,lt
7912,da
7913,hu
7914,cs
7915,bg
7916,el
7917,et
7918,el
7919,fr
7920,el
7921,et
7922,fr
7923,fr
7924,da
7925,fr
7926,pl
7927,sk
7928,bg
7929,sk
7930,sk
7931,hu
7932,it
7933,el
7934,et
7935,fr
7936,fr
7937,hu
7938,ro
7939,hu
7940,sl
7941,fr
7942,bg
7943,fr
7944,sl
7945,et
7946,fr
7947,fr
7948,fr
7949,cs
7950,da
7951,fr
7952,lt
7953,fr
7954,fr
7955,fr
7956,lt
7957,fr
7958,fr
7959,fr
7960,fr
7961,lt
7962,sl
7963,fr
7964,fr
7965,sl
7966,ro
7967,sl
7968,lt
7969,fr
7970,da
7971,fr
7972,fr
7973,lt
7974,ro
7975,lt
7976,cs
7977,et
7978,ro
7979,pl
7980,fr
7981,lt
7982,lt
7983,fr
7984,fr
7985,sk
7986,fr
7987,pl
7988,fr
7989,sk
7990,fi
7991,fr
7992,lt
7993,lt
7994,lt
7995,et
7996,fi
7997,fr
7998,lv
7999,sk
8000,lt
8001,pl
8002,hu
8003,fr
8004,fr
8005,pt
8006,fi
8007,fr
8008,fr
8009,fr
8010,fi
8011,fr
8012,fr
8013,lt
8014,fr
8015,cs
8016,fr
8017,fr
8018,da
8019,pl
8020,fr
8021,lt
8022,lt
8023,fr
8024,fr
8025,fr
8026,da
8027,cs
8028,fr
8029,fi
8030,fi
8031,fr
8032,fr
8033,et
8034,lt
8035,et
8036,da
8037,da
8038,fr
8039,fr
8040,fr
8041,fr
8042,ro
8043,fr
8044,lt
8045,fr
8046,sl
8047,cs
8048,sk
8049,lt
8050,et
8051,cs
8052,ro
8053,bg
8054,fr
8055,cs
8056,it
8057,bg
8058,sv
8059,fr
8060,ro
8061,fr
8062,fr
8063,lv
8064,fr
8065,fr
8066,fr
8067,hu
8068,bg
8069,fr
8070,nl
8071,fr
8072,fr
8073,sk
8074,fr
8075,fr
8076,pl
8077,fr
8078,fr
8079,fr
8080,fr
8081,lt
8082,et
8083,fi
8084,et
8085,de
8086,fr
8087,fr
8088,fr
8089,fr
8090,lt
8091,fr
8092,bg
8093,fr
8094,sk
8095,fr
8096,fr
8097,fr
8098,pt
8099,fr
8100,sl
8101,ro
8102,bg
8103,pt
8104,fr
8105,fr
8106,fr
8107,fr
8108,da
8109,ro
8110,fr
8111,fr
8112,fr
8113,fr
8114,da
8115,fr
8116,el
8117,lv
8118,sl
8119,bg
8120,fr
8121,da
8122,sl
8123,fr
8124,lt
8125,fr
8126,sk
8127,lv
8128,cs
8129,it
8130,hu
8131,hu
8132,lv
8133,fr
8134,cs
8135,et
8136,et
8137,da
8138,fr
8139,lt
8140,sk
8141,fi
8142,hu
8143,el
8144,nl
8145,fr
8146,et
8147,hu
8148,lt
8149,fr
8150,sk
8151,fr
8152,fr
8153,hu
8154,et
8155,et
8156,bg
8157,lv
8158,hu
8159,da
8160,hu
8161,lt
8162,lt
8163,fr
8164,et
8165,sk
8166,da
8167,fr
8168,bg
8169,fr
8170,lv
8171,nl
8172,fr
8173,sk
8174,fr
8175,fr
8176,cs
8177,sv
8178,it
8179,et
8180,bg
8181,fr
8182,it
8183,fr
8184,sk
8185,fr
8186,lv
8187,et
8188,lv
8189,fr
8190,nl
8191,fr
8192,fr
8193,fr
8194,fr
8195,sl
8196,da
8197,sk
8198,fr
8199,da
8200,sv
8201,sl
8202,fr
8203,fr
8204,fr
8205,fr
8206,lt
8207,et
8208,et
8209,bg
8210,fr
8211,fr
8212,ro
8213,sk
8214,el
8215,da
8216,bg
8217,et
8218,sk
8219,fr
8220,fr
8221,fr
8222,fr
8223,ro
8224,fr
8225,et
8226,hu
8227,da
8228,sv
8229,de
8230,lt
8231,fr
8232,fr
8233,cs
8234,et
8235,da
8236,et
8237,hu
8238,sl
8239,fr
8240,fr
8241,fi
8242,sk
8243,sl
8244,el
8245,et
8246,fr
8247,fi
8248,fr
8249,et
8250,fr
8251,lv
8252,et
8253,fr
8254,fr
8255,fr
8256,cs
8257,da
8258,lt
8259,lt
8260,lv
8261,fi
8262,pl
8263,pl
8264,fi
8265,fr
8266,lt
8267,cs
8268,sk
8269,hu
8270,fr
8271,lt
8272,sk
8273,fr
8274,lv
8275,fr
8276,fr
8277,fr
8278,pt
8279,pl
8280,hu
8281,hu
8282,de
8283,cs
8284,fr
8285,lt
8286,fr
8287,fr
8288,fr
8289,sv
8290,fr
8291,fr
8292,lt
8293,nl
8294,sv
8295,fr
8296,fr
8297,fr
8298,fr
8299,da
8300,fr
8301,fr
8302,fr
8303,nl
8304,sv
8305,lv
8306,lv
8307,hu
8308,fr
8309,fr
8310,lt
8311,fr
8312,fr
8313,lv
8314,da
8315,ro
8316,fi
8317,fr
8318,lt
8319,fr
8320,ro
8321,hu
8322,fr
8323,cs
8324,fr
8325,da
8326,el
8327,pl
8328,da
8329,el
8330,cs
8331,fr
8332,fr
8333,fi
8334,ro
8335,fr
8336,fi
8337,fr
8338,fr
8339,sk
8340,fr
8341,fr
8342,ro
8343,fr
8344,fr
8345,el
8346,et
8347,et
8348,el
8349,et
8350,fr
8351,lt
8352,fr
8353,sv
8354,it
8355,fr
8356,bg
8357,lt
8358,fr
8359,fr
8360,lt
8361,fr
8362,lv
8363,sl
8364,fr
8365,sl
8366,lt
8367,sl
8368,fr
8369,da
8370,fr
8371,et
8372,et
8373,ro
8374,et
8375,fr
8376,cs
8377,fr
8378,fr
8379,sk
8380,hu
8381,fr
8382,lt
8383,fr
8384,sv
8385,sl
8386,lt
8387,fr
8388,fr
8389,lv
8390,sv
8391,fr
8392,fr
8393,fr
8394,fr
8395,lt
8396,fr
8397,lt
8398,de
8399,it
8400,fr
8401,fr
8402,lt
8403,fr
8404,et
8405,lt
8406,et
8407,de
8408,lt
8409,sk
8410,fr
8411,lt
8412,fr
8413,lv
8414,pt
8415,fr
8416,bg
8417,fr
8418,et
8419,lv
8420,lt
8421,fr
8422,sv
8423,fi
8424,it
8425,hu
8426,cs
8427,fr
8428,et
8429,et
8430,fr
8431,fr
8432,fr
8433,fi
8434,hu
8435,lt
8436,lt
8437,el
8438,fr
8439,it
8440,lt
8441,et
8442,pt
8443,fr
8444,fr
8445,lt
8446,lt
8447,cs
8448,cs
8449,fi
8450,lv
8451,fr
8452,fr
8453,et
8454,et
8455,ro
8456,da
8457,lt
8458,sk
8459,nl
8460,fr
8461,fr
8462,bg
8463,ro
8464,fr
8465,fr
8466,cs
8467,lt
8468,sl
8469,et
8470,fr
8471,et
8472,sk
8473,bg
8474,fr
8475,pt
8476,fr
8477,sl
8478,da
8479,da
8480,fi
8481,lt
8482,lt
8483,lt
8484,lt
8485,lt
8486,fr
8487,da
8488,lv
8489,fr
8490,hu
8491,fr
8492,ro
8493,pt
8494,fr
8495,cs
8496,de
8497,et
8498,hu
8499,pl
8500,fr
8501,bg
8502,da
8503,hu
8504,fr
8505,el
8506,lt
8507,sk
8508,fr
8509,lt
8510,fr
8511,fr
8512,hu
8513,lt
8514,fr
8515,fr
8516,et
8517,fr
8518,fr
8519,fr
