index,critical_temp
0,63.97451
1,1.3067495
2,18.803043
3,88.55309
4,19.749664
5,107.282875
6,33.289837
7,2.8089135
8,3.6545858
9,79.80019
10,1.6308042
11,27.507357
12,28.477451
13,2.6934822
14,61.005062
15,28.33248
16,59.874214
17,22.346172
18,4.708765
19,18.204191
20,87.031746
21,8.352435
22,8.669315
23,18.297052
24,6.0804644
25,62.53472
26,87.89252
27,0.0054727527
28,0.5481589
29,51.430664
30,29.875399
31,1.4495752
32,5.4147453
33,72.344604
34,6.2968984
35,16.184338
36,43.17057
37,43.68481
38,3.6594045
39,4.466866
40,3.4686525
41,2.593454
42,60.685635
43,5.3537416
44,27.534521
45,20.250051
46,22.888395
47,18.974722
48,9.154529
49,17.862469
50,56.741505
51,6.968141
52,20.355646
53,4.6588945
54,8.058187
55,18.647644
56,26.296814
57,77.12088
58,6.1963553
59,11.868868
60,2.0297458
61,84.368774
62,2.1260293
63,5.1406083
64,30.378973
65,73.958694
66,92.68556
67,11.723399
68,57.99932
69,8.781752
70,16.3641
71,18.166334
72,5.808546
73,7.5005927
74,8.561813
75,18.265419
76,2.102239
77,72.200294
78,5.306344
79,22.155869
80,89.28956
81,4.4793143
82,0.61574274
83,7.4241652
84,22.9547
85,82.53697
86,5.184395
87,3.0452597
88,7.007926
89,26.708729
90,34.88037
91,72.896996
92,27.644617
93,90.313156
94,77.57194
95,44.424847
96,82.31226
97,20.622574
98,60.632324
99,9.105115
100,75.778915
101,56.159737
102,11.826969
103,4.6685414
104,2.987329
105,18.7142
106,4.705728
107,29.95383
108,73.16946
109,49.83397
110,1.6586503
111,6.19763
112,22.35636
113,3.4466817
114,56.42937
115,2.070996
116,37.152573
117,4.7108555
118,13.752956
119,80.78622
120,87.66251
121,2.8551407
122,3.546879
123,59.161446
124,29.531828
125,1.6819022
126,56.194317
127,6.9700894
128,7.3062935
129,59.5244
130,27.808975
131,24.110426
132,38.647728
133,101.12662
134,36.057117
135,1.6729994
136,14.475928
137,78.11024
138,37.120228
139,29.394234
140,51.523712
141,18.166334
142,26.969364
143,9.84059
144,8.390879
145,0.03435761
146,76.82658
147,21.859829
148,6.008995
149,68.99552
150,141.19759
151,45.693726
152,2.1400297
153,38.16894
154,14.493543
155,91.86914
156,-0.13283692
157,33.85988
158,2.9980137
159,-0.44063652
160,83.68168
161,27.907011
162,2.8977156
163,6.600045
164,2.5640142
165,8.355823
166,2.166556
167,5.7259903
168,39.584023
169,6.173757
170,5.212049
171,83.36782
172,2.89775
173,27.240667
174,38.659283
175,68.40332
176,27.704205
177,6.087721
178,5.840199
179,39.806763
180,87.42946
181,67.87054
182,81.80048
183,3.5749602
184,36.690777
185,1.7677947
186,11.85169
187,17.606623
188,63.897583
189,5.3332596
190,0.9456764
191,19.749664
192,84.85036
193,6.59845
194,81.137596
195,1.337723
196,88.79442
197,46.408665
198,56.741505
199,11.414677
200,23.99382
201,18.974722
202,3.2358828
203,1.8959025
204,10.972651
205,11.359555
206,38.95294
207,5.054382
208,40.50919
209,73.16245
210,4.1226196
211,8.6561775
212,81.89804
213,48.71011
214,115.656555
215,24.808002
216,3.6966393
217,79.956024
218,32.48262
219,17.081942
220,4.581479
221,10.660346
222,90.11366
223,14.059641
224,2.3799126
225,39.797867
226,71.34513
227,28.33248
228,106.929146
229,18.362509
230,78.47784
231,79.022316
232,2.0379868
233,4.3409204
234,9.588345
235,12.210638
236,93.136505
237,58.191906
238,3.4441705
239,24.73428
240,1.2826295
241,76.711784
242,1.9536306
243,3.5036473
244,119.98805
245,11.033164
246,81.19618
247,90.806
248,9.85692
249,5.8033967
250,-0.18107127
251,36.6224
252,74.89712
253,7.7174683
254,9.766962
255,35.69888
256,3.4875114
257,4.009528
258,3.145567
259,89.07661
260,85.98494
261,5.432779
262,123.19028
263,1.8282468
264,7.7678967
265,25.761333
266,15.966655
267,98.96909
268,28.833513
269,79.3486
270,18.69811
271,6.3402762
272,16.512194
273,26.838282
274,2.3147902
275,12.796502
276,64.08753
277,36.386864
278,27.526415
279,-2.0724418
280,11.310722
281,0.57477146
282,9.310304
283,4.259636
284,27.831316
285,4.6338196
286,32.594418
287,2.0290725
288,2.070996
289,67.8468
290,4.43292
291,1.5567223
292,53.521614
293,21.233706
294,19.950483
295,69.62763
296,50.416668
297,5.929593
298,24.722775
299,8.759401
300,95.923836
301,3.0144742
302,6.124065
303,25.242094
304,81.199844
305,16.548094
306,5.204567
307,59.47091
308,22.053976
309,91.15081
310,80.517746
311,85.61482
312,15.413146
313,36.33949
314,6.994028
315,25.769718
316,50.083363
317,17.821522
318,2.9561431
319,2.9118328
320,28.78874
321,77.85168
322,33.24163
323,13.201656
324,2.1076307
325,9.37924
326,82.026146
327,51.918808
328,9.51662
329,86.59334
330,1.672365
331,3.9169376
332,64.85007
333,2.522283
334,29.333845
335,27.30613
336,3.3339713
337,1.4261783
338,67.66778
339,43.05913
340,-1.5297254
341,55.588963
342,3.2123284
343,15.038602
344,11.801794
345,49.160786
346,16.185673
347,116.98455
348,1.5334905
349,27.850105
350,21.268612
351,58.670033
352,86.7476
353,5.808339
354,25.149359
355,18.153008
356,1.6005342
357,87.00724
358,24.846571
359,1.2667547
360,19.181091
361,99.59851
362,54.574665
363,33.741936
364,2.019261
365,69.61264
366,25.403101
367,3.644966
368,27.240667
369,80.40343
370,111.39116
371,78.29354
372,67.19929
373,76.788025
374,9.7899885
375,73.755714
376,68.303894
377,10.300561
378,6.551714
379,5.2798405
380,44.803993
381,1.6287724
382,101.79425
383,8.003204
384,76.57423
385,11.287886
386,9.860811
387,4.3424253
388,21.40146
389,28.076056
390,65.43899
391,107.559654
392,9.298994
393,0.97157997
394,47.539406
395,78.16671
396,15.651971
397,28.417656
398,37.040455
399,18.570702
400,73.958694
401,14.86326
402,86.59334
403,29.673105
404,90.25113
405,35.481983
406,3.7801578
407,7.204849
408,5.967166
409,59.018658
410,85.82788
411,28.963799
412,27.008162
413,22.92183
414,16.89416
415,114.85014
416,3.459788
417,2.4169905
418,2.5554087
419,21.358635
420,3.7647102
421,38.111256
422,73.74765
423,80.06152
424,79.33214
425,3.4777238
426,6.8265743
427,82.642044
428,3.459788
429,2.5367167
430,4.055061
431,42.09031
432,39.970325
433,2.2309313
434,15.498208
435,77.84445
436,80.96422
437,1.0686713
438,75.389366
439,66.154144
440,78.46724
441,0.2317398
442,7.2376237
443,16.047571
444,5.7325497
445,86.44111
446,2.9765584
447,4.069943
448,16.3641
449,67.374
450,64.964615
451,68.26624
452,49.633606
453,20.746706
454,82.83465
455,5.785662
456,8.352435
457,-2.2122977
458,34.68912
459,70.61516
460,82.32034
461,4.967827
462,84.211555
463,5.233535
464,8.613913
465,19.375202
466,21.89277
467,8.636006
468,13.808144
469,77.681526
470,57.99932
471,12.087104
472,116.57937
473,54.530903
474,27.642529
475,37.60034
476,22.378849
477,57.99932
478,5.3724074
479,36.517384
480,86.58543
481,1.8848907
482,27.084145
483,64.54327
484,10.493521
485,14.396458
486,52.74594
487,4.30662
488,47.307236
489,91.09526
490,49.69594
491,4.540116
492,5.2537217
493,113.30298
494,3.0972137
495,1.1883668
496,8.535271
497,83.23273
498,25.48719
499,26.37251
500,16.099312
501,3.3641255
502,8.867848
503,19.031105
504,8.051742
505,15.498208
506,15.325873
507,81.00775
508,80.59137
509,6.2403135
510,33.937454
511,11.599691
512,5.4282427
513,35.132164
514,6.7452593
515,13.229754
516,25.373554
517,1.3135929
518,4.936291
519,26.725548
520,0.4636002
521,6.808998
522,13.594675
523,78.32267
524,34.671093
525,24.618841
526,2.305296
527,25.799963
528,38.282215
529,12.313076
530,1.3331698
531,86.69762
532,10.564685
533,42.127495
534,9.5444765
535,69.36109
536,2.755338
537,5.019167
538,36.892723
539,8.158511
540,12.582534
541,76.75271
542,4.6498976
543,1.234963
544,17.81464
545,73.288895
546,5.9270496
547,8.046245
548,16.68615
549,3.4108965
550,8.061741
551,1.2948157
552,121.96461
553,2.1642854
554,3.4946263
555,90.172455
556,10.377568
557,27.084145
558,4.447131
559,15.508187
560,47.59951
561,24.57575
562,1.1017114
563,32.43419
564,13.676518
565,64.71229
566,76.74556
567,7.9684463
568,96.75169
569,15.771142
570,5.040881
571,8.5637865
572,55.718945
573,39.984573
574,77.5845
575,34.693176
576,4.6338196
577,4.158453
578,16.678
579,3.5284734
580,9.310304
581,1.6920584
582,4.1011457
583,32.51405
584,16.434301
585,3.7817311
586,35.9679
587,79.486565
588,4.6641793
589,2.3312216
590,28.416664
591,3.9971266
592,6.7386456
593,10.336081
594,65.40649
595,89.51572
596,87.959854
597,4.039997
598,17.892124
599,8.126167
600,92.79756
601,35.69888
602,29.771488
603,18.248314
604,75.10082
605,36.09397
606,19.127596
607,32.43419
608,99.61764
609,5.332109
610,102.83271
611,7.371813
612,5.019345
613,3.8715765
614,8.116746
615,87.85707
616,85.58694
617,38.991684
618,90.58026
619,29.660763
620,8.942627
621,12.526231
622,0.9314204
623,14.916135
624,29.344439
625,15.153426
626,47.28751
627,0.19004919
628,1.2245024
629,2.0355644
630,79.955185
631,72.73597
632,26.298943
633,0.86603564
634,18.571037
635,91.06786
636,14.2539625
637,78.49253
638,2.7428713
639,11.462156
640,47.584766
641,73.29693
642,36.398537
643,20.515009
644,8.512339
645,1.5114669
646,40.117584
647,19.756128
648,5.8438053
649,2.558385
650,36.6224
651,33.515694
652,74.70512
653,3.3599608
654,76.45608
655,76.728775
656,49.469147
657,2.32068
658,67.91368
659,12.652868
660,9.78366
661,85.82843
662,44.976288
663,3.106916
664,57.887646
665,89.82549
666,29.26917
667,9.57589
668,54.46737
669,18.559355
670,88.55309
671,4.0958405
672,9.502546
673,4.6671486
674,49.159676
675,4.5547857
676,3.7415144
677,41.98161
678,6.968182
679,19.451447
680,5.3987846
681,53.81427
682,49.12993
683,4.2823067
684,-0.26465523
685,14.0449
686,9.9894905
687,5.592637
688,4.121185
689,2.7928767
690,12.003634
691,86.59334
692,20.436766
693,26.20902
694,6.887284
695,31.997707
696,19.749664
697,69.019165
698,31.059525
699,13.728197
700,45.439156
701,2.681049
702,26.07318
703,64.81824
704,7.0979233
705,82.92261
706,54.418266
707,5.243198
708,9.426558
709,7.6288757
710,85.94483
711,26.811062
712,4.7483277
713,22.377432
714,7.0516663
715,92.36924
716,5.1682673
717,37.081604
718,25.242094
719,76.17526
720,44.34005
721,88.147736
722,12.832132
723,67.973755
724,2.01983
725,25.786198
726,77.049225
727,43.961884
728,53.695503
729,22.687315
730,91.09526
731,2.8248065
732,18.548506
733,78.96211
734,12.585262
735,2.6010718
736,40.52102
737,88.34056
738,23.291384
739,2.0361166
740,7.055821
741,67.2986
742,80.35458
743,13.380909
744,79.89131
745,3.7240064
746,95.95902
747,28.50705
748,91.31568
749,23.689297
750,2.9546623
751,5.541607
752,62.14217
753,66.974045
754,3.4557228
755,1.1810275
756,22.239607
757,71.28204
758,1.9915287
759,70.59367
760,44.138954
761,4.358741
762,16.727493
763,2.0491943
764,2.7763066
765,88.72602
766,35.481983
767,21.440382
768,48.572365
769,14.857044
770,101.92891
771,22.181772
772,82.59568
773,55.91752
774,36.988297
775,88.817505
776,3.3616881
777,24.30991
778,33.957115
779,2.195366
780,24.79542
781,7.162348
782,6.5130687
783,8.646312
784,7.779203
785,47.45509
786,124.7356
787,4.021743
788,64.27879
789,28.584478
790,9.004791
791,9.337607
792,84.67083
793,3.265844
794,77.20035
795,82.35456
796,84.96492
797,9.5444765
798,25.609474
799,42.455727
800,53.832703
801,107.282875
802,91.20113
803,27.842426
804,8.352435
805,76.45608
806,17.701145
807,69.5464
808,89.49345
809,49.177372
810,5.118291
811,48.917755
812,12.6292715
813,94.102745
814,-0.18107127
815,17.634426
816,9.664358
817,56.97821
818,62.948986
819,76.406555
820,5.8883643
821,9.51662
822,2.2995641
823,75.64585
824,59.815105
825,97.98435
826,57.99932
827,6.057653
828,27.443827
829,3.3527014
830,3.546879
831,10.548461
832,12.41307
833,69.99365
834,35.603542
835,4.616131
836,78.56024
837,17.823898
838,87.00724
839,3.3697205
840,15.325873
841,2.4857314
842,13.064096
843,6.1411247
844,42.33971
845,23.2213
846,75.74408
847,1.1158874
848,15.084382
849,35.28566
850,89.44245
851,10.011811
852,115.282486
853,13.400367
854,9.902373
855,6.124065
856,15.710205
857,4.2133203
858,58.450768
859,117.15914
860,10.291264
861,104.17747
862,31.515356
863,46.87332
864,5.6564355
865,5.4790134
866,32.36004
867,31.189487
868,116.57937
869,51.829086
870,4.4270043
871,63.68434
872,57.872772
873,17.561333
874,35.089897
875,3.2190557
876,11.362367
877,69.881676
878,2.916388
879,89.00483
880,1.6915404
881,27.932583
882,9.217293
883,3.8870254
884,2.1676054
885,35.15086
886,86.32838
887,81.296646
888,14.66779
889,22.106745
890,89.51572
891,27.991226
892,56.91463
893,5.2910957
894,41.80251
895,5.731008
896,36.06022
897,3.5390205
898,68.51302
899,2.8988824
900,6.9890614
901,6.11018
902,19.127596
903,9.339443
904,34.81496
905,4.9946
906,17.516094
907,63.734795
908,72.06568
909,4.959383
910,129.48047
911,71.89869
912,1.9536306
913,17.509922
914,62.29712
915,19.06256
916,4.065986
917,0.4068475
918,4.068586
919,83.20857
920,45.271507
921,87.97898
922,63.60073
923,50.57527
924,4.137816
925,12.104814
926,39.751377
927,86.09661
928,8.576722
929,22.710659
930,10.237486
931,2.0324407
932,36.8719
933,2.25478
934,79.32727
935,28.00689
936,41.694336
937,12.765928
938,44.263134
939,74.70495
940,12.268315
941,15.498208
942,2.9049568
943,93.87063
944,7.26757
945,22.25068
946,18.157661
947,4.6995406
948,88.3039
949,2.0281956
950,1.7053959
951,50.453136
952,11.785137
953,67.98031
954,5.630238
955,6.565931
956,46.959003
957,4.2838125
958,69.14894
959,92.37849
960,26.20902
961,17.079336
962,3.728198
963,95.0955
964,79.77993
965,83.7707
966,58.21793
967,61.084
968,5.18109
969,8.113288
970,4.8803544
971,74.13164
972,6.808998
973,64.27879
974,53.22245
975,5.9358106
976,16.320332
977,15.492897
978,54.471893
979,11.849976
980,9.366405
981,87.502174
982,6.2661157
983,2.2573383
984,0.82139766
985,50.90516
986,60.93352
987,73.958694
988,71.35311
989,112.15435
990,2.5773036
991,1.7177014
992,4.5252414
993,9.032288
994,8.441467
995,81.46998
996,124.45574
997,91.09526
998,0.5282746
999,82.95593
1000,4.634748
1001,25.465805
1002,70.09809
1003,9.502546
1004,88.6849
1005,18.261904
1006,34.681705
1007,7.822103
1008,26.456358
1009,24.29887
1010,3.0147157
1011,49.40213
1012,118.54666
1013,33.85988
1014,3.7240064
1015,114.32845
1016,47.48492
1017,114.785324
1018,4.53893
1019,4.3203464
1020,2.2762213
1021,13.423123
1022,34.74053
1023,26.680405
1024,5.3443522
1025,5.1865945
1026,39.868893
1027,90.92803
1028,55.332417
1029,7.980646
1030,58.330296
1031,54.401962
1032,13.787251
1033,113.74531
1034,50.507877
1035,48.297173
1036,31.876635
1037,2.8805609
1038,43.444706
1039,5.5541806
1040,14.093003
1041,57.99932
1042,13.676518
1043,73.548485
1044,5.602646
1045,6.9365964
1046,27.1168
1047,105.98371
1048,10.59829
1049,17.867168
1050,3.5711915
1051,5.2100544
1052,4.947954
1053,57.81956
1054,27.785767
1055,81.89804
1056,34.542473
1057,102.83271
1058,7.9619126
1059,41.01256
1060,25.891033
1061,28.003357
1062,16.72482
1063,38.807426
1064,1.4181231
1065,75.25631
1066,19.472586
1067,91.09526
1068,52.50424
1069,5.0075583
1070,92.21007
1071,52.291576
1072,6.0915775
1073,8.388328
1074,28.33248
1075,5.230223
1076,10.494276
1077,12.12613
1078,0.8650372
1079,84.211555
1080,88.518456
1081,4.230812
1082,36.6224
1083,5.9270496
1084,127.54961
1085,3.244461
1086,16.53067
1087,24.723265
1088,112.51581
1089,9.627915
1090,18.746643
1091,19.127596
1092,16.79677
1093,-1.308121
1094,89.3015
1095,19.50536
1096,89.51572
1097,85.58694
1098,8.081856
1099,4.967827
1100,92.34383
1101,3.9411786
1102,27.443827
1103,86.59334
1104,-1.847814
1105,4.1011114
1106,5.923376
1107,72.787346
1108,5.422567
1109,36.97084
1110,75.775734
1111,0.3418068
1112,3.1453207
1113,42.539776
1114,4.969472
1115,61.79923
1116,59.828526
1117,129.44992
1118,36.871204
1119,71.11519
1120,5.682775
1121,13.663897
1122,2.8264232
1123,3.2253196
1124,4.7474875
1125,77.73391
1126,29.571342
1127,18.200539
1128,14.83185
1129,64.271095
1130,80.333145
1131,2.7663321
1132,11.253345
1133,70.92162
1134,7.757652
1135,5.317708
1136,110.63203
1137,17.892124
1138,75.4473
1139,52.477962
1140,74.970276
1141,1.6218427
1142,33.85988
1143,16.03795
1144,4.3673015
1145,3.9914854
1146,25.196383
1147,0.6069084
1148,24.110489
1149,12.446909
1150,16.778843
1151,5.81993
1152,54.29525
1153,86.88877
1154,12.104564
1155,24.113222
1156,66.6021
1157,51.05223
1158,80.40068
1159,17.33035
1160,25.149359
1161,82.76287
1162,56.33269
1163,77.28817
1164,5.466928
1165,11.304786
1166,3.459788
1167,108.631874
1168,8.662482
1169,5.0850296
1170,23.85066
1171,85.97688
1172,49.063763
1173,3.4697628
1174,3.2742696
1175,70.486786
1176,51.59616
1177,7.760516
1178,72.644485
1179,33.58085
1180,16.124184
1181,4.8367195
1182,23.870758
1183,80.57621
1184,2.2169068
1185,80.975494
1186,9.0727625
1187,3.925639
1188,17.181715
1189,92.25314
1190,7.19336
1191,4.283873
1192,8.525321
1193,77.85894
1194,89.83244
1195,70.04415
1196,8.8350315
1197,6.254191
1198,1.851732
1199,9.165393
1200,12.251913
1201,29.390856
1202,50.678833
1203,90.172455
1204,35.427567
1205,26.007597
1206,32.878643
1207,7.9347525
1208,79.79316
1209,27.850105
1210,3.6185768
1211,1.5501772
1212,86.59334
1213,6.566134
1214,18.808395
1215,7.2093077
1216,30.316246
1217,108.005554
1218,86.31594
1219,73.94482
1220,2.317397
1221,113.6948
1222,89.38499
1223,47.550903
1224,19.07805
1225,2.5852911
1226,13.238689
1227,4.270354
1228,5.8031936
1229,36.655823
1230,22.782814
1231,21.152077
1232,19.539915
1233,19.473133
1234,81.55419
1235,47.336052
1236,88.650505
1237,93.667274
1238,2.9561431
1239,80.6954
1240,15.660198
1241,20.357834
1242,34.542473
1243,11.255268
1244,49.177372
1245,6.769728
1246,3.4324481
1247,38.779686
1248,116.23051
1249,4.9423223
1250,33.932735
1251,7.2024794
1252,1.4633031
1253,46.396656
1254,70.52428
1255,6.255947
1256,63.528137
1257,49.08993
1258,92.04465
1259,27.499367
1260,-1.0648658
1261,67.34584
1262,75.52312
1263,5.4008594
1264,79.022316
1265,35.403378
1266,17.401978
1267,15.636648
1268,11.276248
1269,61.372593
1270,23.017763
1271,63.957024
1272,3.9434438
1273,17.24573
1274,22.736364
1275,10.03223
1276,69.53254
1277,81.49287
1278,6.3397574
1279,27.636404
1280,92.37849
1281,2.375989
1282,23.202782
1283,4.083726
1284,2.195366
1285,13.007114
1286,11.229667
1287,94.98477
1288,-1.7717462
1289,4.419638
1290,35.182896
1291,25.819313
1292,0.97998786
1293,73.36501
1294,4.188177
1295,3.5595064
1296,86.59334
1297,57.123196
1298,35.155586
1299,75.85971
1300,60.305046
1301,42.13936
1302,3.9635036
1303,3.9643214
1304,7.697441
1305,1.4224577
1306,89.68931
1307,30.53212
1308,1.199123
1309,71.8445
1310,0.58721656
1311,36.629646
1312,37.345276
1313,4.0011888
1314,38.795094
1315,82.61719
1316,14.647311
1317,4.352357
1318,58.053715
1319,44.643124
1320,3.931753
1321,2.0747144
1322,1.784198
1323,21.497921
1324,8.701405
1325,2.8706353
1326,37.705025
1327,7.8857474
1328,11.19534
1329,13.007531
1330,84.698654
1331,55.63772
1332,4.291419
1333,90.33992
1334,1.8780702
1335,113.033936
1336,11.984055
1337,3.7160788
1338,59.00674
1339,57.131557
1340,87.959854
1341,10.515675
1342,19.749664
1343,33.714077
1344,4.3544803
1345,0.6228449
1346,26.40467
1347,14.475928
1348,6.636219
1349,81.19618
1350,75.30511
1351,15.498208
1352,3.1749532
1353,8.009129
1354,67.66778
1355,7.956717
1356,4.055156
1357,8.074025
1358,15.908945
1359,3.3527014
1360,3.4412699
1361,13.361391
1362,5.2822237
1363,10.062868
1364,12.624484
1365,4.697555
1366,31.496645
1367,34.152206
1368,61.941856
1369,92.378044
1370,5.129843
1371,8.646312
1372,81.020546
1373,1.2927433
1374,9.125231
1375,20.319796
1376,1.1276469
1377,-1.5267178
1378,22.136013
1379,39.01822
1380,-0.2756885
1381,2.728315
1382,17.85361
1383,3.9990783
1384,5.2669816
1385,2.1487343
1386,1.6369994
1387,3.4166362
1388,1.5845025
1389,79.022316
1390,33.778835
1391,36.6224
1392,72.3086
1393,88.85942
1394,26.922358
1395,10.3139105
1396,0.3061944
1397,6.826319
1398,4.61042
1399,12.937966
1400,6.2589407
1401,11.813152
1402,14.857044
1403,2.4302337
1404,3.3349402
1405,31.852047
1406,44.4575
1407,2.2576115
1408,11.092878
1409,107.282875
1410,2.6304648
1411,3.158079
1412,7.1232576
1413,2.6211069
1414,7.367736
1415,0.42953262
1416,111.019295
1417,78.71985
1418,10.951719
1419,53.245934
1420,88.06772
1421,22.772175
1422,78.47077
1423,18.430702
1424,104.16431
1425,44.22112
1426,86.7262
1427,44.432938
1428,6.4011383
1429,73.505615
1430,13.429137
1431,17.411081
1432,5.4264565
1433,3.235362
1434,90.44354
1435,56.70866
1436,64.039986
1437,11.601011
1438,56.53715
1439,3.8246005
1440,57.99932
1441,10.896616
1442,24.806734
1443,14.849761
1444,75.59179
1445,6.255947
1446,68.982346
1447,3.7059674
1448,90.427574
1449,86.02998
1450,25.149359
1451,79.45402
1452,12.587148
1453,4.1568756
1454,1.9384576
1455,71.2531
1456,54.78718
1457,17.042892
1458,31.500786
1459,4.2300076
1460,89.43408
1461,98.340485
1462,98.65458
1463,4.3182974
1464,32.93927
1465,6.6980495
1466,11.239971
1467,55.71879
1468,21.065754
1469,30.468922
1470,23.152334
1471,17.77159
1472,76.45608
1473,25.595055
1474,22.686872
1475,73.54896
1476,75.99647
1477,39.868893
1478,98.35055
1479,2.603031
1480,73.77632
1481,26.708729
1482,7.0987606
1483,82.57263
1484,0.24791647
1485,74.25189
1486,47.599922
1487,11.906635
1488,29.374937
1489,73.959366
1490,10.663458
1491,5.0710115
1492,118.079865
1493,91.97603
1494,20.355646
1495,82.37786
1496,5.2972
1497,77.04863
1498,1.1247389
1499,30.600132
1500,4.088318
1501,30.412369
1502,24.696291
1503,38.71613
1504,69.4524
1505,30.556108
1506,56.660305
1507,2.6049664
1508,6.11018
1509,2.5670571
1510,12.641429
1511,31.118412
1512,7.2112193
1513,16.986712
1514,22.241018
1515,16.613295
1516,19.23426
1517,17.900736
1518,-0.4495739
1519,3.6475275
1520,74.55054
1521,3.6561866
1522,8.352435
1523,3.4269636
1524,19.174093
1525,33.627487
1526,15.459823
1527,63.211884
1528,39.55537
1529,86.59334
1530,5.998591
1531,2.0639877
1532,0.3781474
1533,13.553575
1534,55.550426
1535,10.009034
1536,3.2350285
1537,8.726748
1538,37.725384
1539,2.9345329
1540,1.1556886
1541,33.218246
1542,7.1441374
1543,72.24031
1544,5.743582
1545,11.761378
1546,69.72248
1547,43.135628
1548,91.46563
1549,77.04863
1550,51.201496
1551,76.89995
1552,6.0152373
1553,6.6077337
1554,29.279074
1555,-2.9372287
1556,5.967692
1557,31.202724
1558,10.72181
1559,8.158511
1560,10.30475
1561,77.167816
1562,50.233833
1563,92.25314
1564,79.3817
1565,16.464115
1566,88.46274
1567,21.89277
1568,24.825006
1569,89.23622
1570,4.5996494
1571,114.90753
1572,3.060988
1573,8.902271
1574,44.34005
1575,10.027606
1576,114.40015
1577,49.338627
1578,21.440382
1579,22.372114
1580,38.111256
1581,4.1012163
1582,59.32887
1583,1.2400753
1584,46.72952
1585,-0.6090184
1586,113.11697
1587,91.20113
1588,65.48324
1589,107.06474
1590,36.690777
1591,3.6676612
1592,55.835743
1593,48.375626
1594,60.3704
1595,8.794225
1596,16.68697
1597,4.7672977
1598,58.872562
1599,62.450916
1600,8.3228855
1601,23.676344
1602,1.1954511
1603,112.216095
1604,4.0011888
1605,21.205652
1606,52.726795
1607,0.99044997
1608,110.97269
1609,27.557985
1610,82.180695
1611,91.20113
1612,67.75244
1613,116.32829
1614,1.8671494
1615,86.22051
1616,44.206795
1617,41.0086
1618,74.76627
1619,35.28566
1620,-0.29354072
1621,0.5282746
1622,42.85743
1623,2.9119258
1624,0.7566942
1625,57.213955
1626,1.2675515
1627,25.74202
1628,26.56064
1629,81.89804
1630,36.072826
1631,86.59334
1632,44.40483
1633,6.002195
1634,5.7668557
1635,2.7358258
1636,5.7115173
1637,85.95175
1638,27.375233
1639,88.38313
1640,26.74048
1641,98.01317
1642,2.0432994
1643,114.13341
1644,5.173932
1645,94.119865
1646,0.6507295
1647,21.268612
1648,112.65067
1649,3.708529
1650,3.089249
1651,21.527021
1652,85.31507
1653,18.229588
1654,3.0530772
1655,3.751424
1656,18.382168
1657,64.49613
1658,0.6451763
1659,112.15435
1660,-0.14839299
1661,76.45608
1662,3.544284
1663,20.744894
1664,3.1030533
1665,5.8909187
1666,14.857044
1667,25.754742
1668,48.20934
1669,88.41253
1670,64.12715
1671,1.9117037
1672,81.84126
1673,37.61842
1674,13.990239
1675,79.022316
1676,10.469396
1677,4.1011457
1678,30.81326
1679,7.217888
1680,88.55309
1681,3.6931615
1682,4.02534
1683,88.20288
1684,24.999718
1685,25.254406
1686,0.10649916
1687,10.828002
1688,35.366325
1689,3.819232
1690,21.271885
1691,90.22236
1692,7.0016203
1693,1.0734036
1694,4.6164
1695,61.71556
1696,80.167564
1697,7.6216087
1698,92.25314
1699,1.4382201
1700,83.15163
1701,2.746434
1702,57.151623
1703,49.0941
1704,24.114113
1705,5.315196
1706,82.43966
1707,49.503956
1708,88.25341
1709,76.003296
1710,32.61463
1711,4.3378115
1712,6.028963
1713,4.9358983
1714,17.77159
1715,42.80623
1716,76.45608
1717,106.094025
1718,6.469234
1719,68.529526
1720,22.344881
1721,77.82645
1722,10.704441
1723,2.8706353
1724,7.693829
1725,70.49779
1726,113.81891
1727,67.79014
1728,27.642529
1729,79.022316
1730,57.477127
1731,121.06291
1732,4.0972414
1733,48.699364
1734,25.196383
1735,32.728638
1736,6.3764358
1737,17.760574
1738,40.214867
1739,2.8805609
1740,0.494301
1741,1.2977786
1742,55.71879
1743,48.185295
1744,25.568697
1745,1.4261783
1746,0.4336395
1747,3.459788
1748,17.910046
1749,34.72564
1750,3.333075
1751,0.66527975
1752,7.5601397
1753,7.1041636
1754,115.4155
1755,8.207594
1756,3.2513795
1757,0.6228449
1758,68.18521
1759,14.339233
1760,4.4675393
1761,11.888932
1762,-4.507465
1763,40.039917
1764,26.680405
1765,0.2806983
1766,82.45226
1767,57.99932
1768,47.621513
1769,79.98706
1770,9.568293
1771,8.1869335
1772,74.92205
1773,61.50938
1774,3.98536
1775,7.5448966
1776,89.83175
1777,61.90774
1778,63.780277
1779,26.82513
1780,58.87742
1781,11.950549
1782,33.741936
1783,11.462156
1784,50.97828
1785,14.924346
1786,1.0788342
1787,68.7705
1788,63.340694
1789,1.7557
1790,82.2797
1791,81.02577
1792,5.8033967
1793,78.836845
1794,10.688458
1795,6.081248
1796,11.3518915
1797,32.09528
1798,42.348328
1799,4.531329
1800,4.978365
1801,20.355646
1802,38.44857
1803,33.85988
1804,16.940104
1805,2.8939857
1806,17.411081
1807,4.227684
1808,5.81993
1809,4.0568852
1810,76.52272
1811,84.82486
1812,1.0273066
1813,5.421461
1814,32.43419
1815,3.4635642
1816,17.169493
1817,90.35012
1818,35.32244
1819,18.587122
1820,41.44546
1821,65.646065
1822,13.430084
1823,-0.26380515
1824,10.868513
1825,18.43212
1826,54.88988
1827,61.25355
1828,76.17526
1829,0.2368121
1830,88.06772
1831,62.69612
1832,72.1755
1833,4.02678
1834,0.7773314
1835,1.8643521
1836,81.56986
1837,7.890298
1838,90.93683
1839,18.985027
1840,77.689095
1841,115.66007
1842,69.36109
1843,7.007926
1844,22.398357
1845,86.59334
1846,33.69155
1847,36.6224
1848,3.618896
1849,4.9946
1850,0.05109485
1851,116.57937
1852,1.6308042
1853,1.9102093
1854,42.903797
1855,48.58601
1856,16.065912
1857,85.43816
1858,87.3156
1859,22.176338
1860,25.878496
1861,19.01992
1862,4.782456
1863,68.81007
1864,26.955698
1865,11.817739
1866,118.17646
1867,21.98353
1868,1.9102093
1869,4.156122
1870,9.046032
1871,103.83848
1872,25.254406
1873,93.13519
1874,48.185295
1875,36.431114
1876,7.33242
1877,115.282486
1878,6.666169
1879,79.83356
1880,59.850258
1881,132.9914
1882,4.300381
1883,27.220118
1884,79.33415
1885,67.526436
1886,7.3187757
1887,12.608978
1888,29.125822
1889,5.9270496
1890,88.55309
1891,44.640224
1892,5.8033967
1893,10.460898
1894,28.518661
1895,64.15794
1896,4.487935
1897,6.0915775
1898,10.422058
1899,3.1595469
1900,17.430838
1901,19.749664
1902,5.987702
1903,10.860664
1904,13.321615
1905,37.939472
1906,77.06302
1907,15.219352
1908,73.08314
1909,28.1713
1910,23.848427
1911,8.605669
1912,3.6742094
1913,0.24495499
1914,81.07658
1915,113.30288
1916,43.223633
1917,29.775892
1918,64.8608
1919,26.868298
1920,5.016868
1921,31.297
1922,9.691965
1923,-5.0966783
1924,1.7085675
1925,63.061207
1926,82.31226
1927,7.353892
1928,28.153675
1929,3.3339713
1930,1.2038774
1931,22.088108
1932,0.47094908
1933,2.7504997
1934,8.390879
1935,7.9176397
1936,58.5487
1937,104.17747
1938,78.57892
1939,73.96562
1940,56.439266
1941,76.45608
1942,10.919623
1943,34.177086
1944,14.115428
1945,12.116829
1946,4.0409403
1947,5.315196
1948,3.8543327
1949,1.0456709
1950,36.45639
1951,1.0218723
1952,7.2827888
1953,5.4803214
1954,11.212689
1955,21.636654
1956,79.26005
1957,5.180515
1958,2.8835108
1959,73.15983
1960,21.629374
1961,14.352349
1962,19.610722
1963,88.41253
1964,25.682604
1965,4.6042
1966,57.161205
1967,5.6928854
1968,7.3085213
1969,6.8898315
1970,4.616131
1971,40.224667
1972,63.553253
1973,82.60888
1974,10.160978
1975,62.01712
1976,25.418789
1977,23.347458
1978,18.018501
1979,4.968683
1980,60.266132
1981,8.870842
1982,28.680285
1983,0.79762334
1984,67.2986
1985,42.539776
1986,79.022316
1987,49.65318
1988,3.459788
1989,13.83246
1990,81.16119
1991,90.02526
1992,5.231459
1993,108.00186
1994,85.91772
1995,2.1382546
1996,18.489708
1997,68.44857
1998,27.686003
1999,36.6224
2000,9.044746
2001,20.40949
2002,83.64212
2003,36.6224
2004,1.9102093
2005,87.285965
2006,9.879398
2007,8.2001295
2008,3.9169376
2009,22.118134
2010,79.95759
2011,9.23818
2012,49.301422
2013,3.0433211
2014,65.447174
2015,25.055767
2016,58.276833
2017,58.615932
2018,101.26065
2019,37.029583
2020,32.01939
2021,18.19489
2022,18.974722
2023,80.93695
2024,24.509974
2025,15.459823
2026,91.63598
2027,24.43206
2028,7.967121
2029,95.15182
2030,8.490207
2031,0.8132654
2032,20.265179
2033,77.62297
2034,119.04788
2035,86.59334
2036,6.4551997
2037,15.219352
2038,54.27637
2039,9.609695
2040,7.371813
2041,0.9197248
2042,29.000196
2043,79.79316
2044,85.36404
2045,29.660763
2046,3.0695326
2047,26.068752
2048,111.13125
2049,8.659218
2050,33.85988
2051,6.9132385
2052,65.598915
2053,16.160593
2054,4.099155
2055,30.099236
2056,61.73857
2057,70.60828
2058,2.1976311
2059,9.91844
2060,83.29528
2061,1.965766
2062,78.42455
2063,78.625984
2064,57.04138
2065,91.15081
2066,24.990486
2067,90.22236
2068,2.2732658
2069,21.497921
2070,5.712727
2071,90.02526
2072,3.6490111
2073,80.6954
2074,3.6929958
2075,3.4718778
2076,31.70505
2077,11.369528
2078,6.3210225
2079,113.7327
2080,3.6291218
2081,81.63494
2082,83.17159
2083,59.49994
2084,58.450768
2085,2.0616584
2086,91.31568
2087,87.42946
2088,86.470406
2089,128.5791
2090,5.5988784
2091,8.987526
2092,53.922165
2093,19.109268
2094,6.047376
2095,3.3527014
2096,4.0813317
2097,31.867546
2098,93.60034
2099,10.161479
2100,2.9489954
2101,4.616131
2102,46.029922
2103,91.84361
2104,3.2875164
2105,4.5760293
2106,74.0243
2107,18.076397
2108,20.541
2109,-0.7456625
2110,4.4526324
2111,15.35344
2112,11.596546
2113,15.459823
2114,0.7715327
2115,7.4462194
2116,7.693829
2117,31.118412
2118,92.2641
2119,84.3696
2120,20.650743
2121,66.25501
2122,11.617042
2123,74.67868
2124,-0.4941511
2125,83.745895
2126,20.867706
2127,57.154377
2128,3.0903797
2129,78.548195
2130,35.126923
2131,29.070595
2132,13.510952
2133,75.35361
2134,24.900108
2135,1.4474058
2136,11.633152
2137,6.4280577
2138,-3.1424954
2139,9.358285
2140,79.022316
2141,4.76031
2142,8.022443
2143,83.88659
2144,86.53097
2145,90.633766
2146,7.394865
2147,54.95309
2148,36.081215
2149,33.028248
2150,6.5258756
2151,21.641064
2152,61.320908
2153,9.766962
2154,65.43899
2155,67.973755
2156,64.71816
2157,32.52422
2158,8.701405
2159,23.225372
2160,26.915575
2161,63.734795
2162,26.882723
2163,29.673002
2164,27.989586
2165,0.6507295
2166,80.98711
2167,5.243198
2168,10.624565
2169,86.59334
2170,124.45574
2171,24.699114
2172,0.4068475
2173,82.517334
2174,74.83527
2175,2.7353203
2176,15.056554
2177,14.812483
2178,1.0522823
2179,49.86204
2180,81.19618
2181,5.987702
2182,64.98476
2183,3.9990783
2184,91.69751
2185,106.36844
2186,100.19909
2187,88.60154
2188,68.35325
2189,25.747772
2190,3.768344
2191,81.47204
2192,4.222345
2193,70.90452
2194,3.7916143
2195,17.795834
2196,19.539915
2197,25.292631
2198,2.3109772
2199,4.4739757
2200,6.8883247
2201,6.0867386
2202,18.29193
2203,23.259706
2204,84.39689
2205,128.5791
2206,64.27879
2207,63.186832
2208,1.5350049
2209,24.349573
2210,36.6224
2211,33.778835
2212,10.615729
2213,3.8181407
2214,27.22572
2215,79.77382
2216,2.739382
2217,23.038599
2218,68.431076
2219,64.89978
2220,60.7957
2221,16.55489
2222,6.6077337
2223,6.728159
2224,16.080713
2225,2.626927
2226,-1.0661463
2227,70.20055
2228,18.388594
2229,63.55448
2230,65.20939
2231,25.861084
2232,71.88078
2233,64.80565
2234,79.590485
2235,127.92898
2236,1.5249684
2237,80.20929
2238,3.9330761
2239,9.515783
2240,24.81622
2241,1.3994447
2242,77.85303
2243,24.484997
2244,-0.9487047
2245,94.3293
2246,7.2787757
2247,5.304465
2248,68.09126
2249,1.8315521
2250,4.088318
2251,17.169493
2252,56.876656
2253,10.050544
2254,74.103615
2255,83.28481
2256,0.68998116
2257,57.99932
2258,1.3598565
2259,40.34689
2260,16.355452
2261,1.1561278
2262,71.22875
2263,15.281299
2264,15.459823
2265,9.078105
2266,84.389015
2267,34.663586
2268,23.032495
2269,4.487935
2270,13.148911
2271,0.617704
2272,6.4294934
2273,24.53251
2274,109.66074
2275,33.741936
2276,23.428297
2277,33.991543
2278,66.24637
2279,9.223467
2280,13.832128
2281,36.325596
2282,4.0686035
2283,28.42522
2284,77.73716
2285,19.478708
2286,104.65716
2287,86.722946
2288,4.0245557
2289,54.242146
2290,49.618473
2291,80.67085
2292,66.78158
2293,1.3228482
2294,28.983637
2295,18.89538
2296,3.9137735
2297,65.3556
2298,8.507115
2299,56.33269
2300,0.3418068
2301,34.542473
2302,82.01336
2303,48.185295
2304,3.0251586
2305,2.062862
2306,6.554674
2307,8.450095
2308,74.9072
2309,23.194857
2310,7.9037733
2311,26.763725
2312,73.94351
2313,1.708152
2314,10.726943
2315,3.1873586
2316,33.220516
2317,14.690506
2318,18.595594
2319,10.122911
2320,44.360237
2321,18.545729
2322,92.25314
2323,86.59334
2324,49.19814
2325,3.5740755
2326,20.403643
2327,6.1871324
2328,3.4028783
2329,30.316246
2330,2.4928474
2331,19.057772
2332,23.313246
2333,100.53376
2334,5.825254
2335,36.20449
2336,2.3048763
2337,67.85944
2338,5.987702
2339,5.0446157
2340,26.680405
2341,79.022316
2342,12.028959
2343,-1.2961915
2344,10.573596
2345,4.640703
2346,120.52584
2347,66.1705
2348,89.97277
2349,37.849796
2350,34.542473
2351,7.887106
2352,25.147259
2353,3.7705915
2354,2.2137473
2355,100.754105
2356,0.9527133
2357,0.29688945
2358,25.3987
2359,40.43445
2360,7.3129745
2361,13.423993
2362,10.218299
2363,9.997761
2364,2.9247391
2365,35.98337
2366,7.907102
2367,6.2146583
2368,33.889233
2369,89.51572
2370,108.049194
2371,4.159151
2372,24.652561
2373,68.87122
2374,73.7411
2375,19.192707
2376,15.293311
2377,2.9480672
2378,5.779708
2379,103.83848
2380,0.3781474
2381,124.45574
2382,10.3684635
2383,1.4561465
2384,34.8802
2385,5.0479617
2386,83.09266
2387,25.42116
2388,3.6886268
2389,6.1679893
2390,1.8959025
2391,67.973755
2392,3.8810213
2393,24.147163
2394,3.7537959
2395,79.72718
2396,20.36489
2397,60.369694
2398,82.1438
2399,38.111256
2400,80.77018
2401,12.175091
2402,70.2559
2403,49.901375
2404,5.0726624
2405,4.624385
2406,1.4224577
2407,87.783104
2408,6.226427
2409,12.057947
2410,88.91516
2411,1.165967
2412,17.461596
2413,8.776879
2414,-1.2641487
2415,2.6446934
2416,67.62964
2417,5.6008067
2418,104.13459
2419,13.0239
2420,6.6077337
2421,79.022316
2422,79.71619
2423,65.63286
2424,2.89775
2425,11.320932
2426,6.470904
2427,8.822746
2428,13.169708
2429,68.29156
2430,31.684551
2431,12.449119
2432,79.85094
2433,3.9827218
2434,13.380909
2435,56.726665
2436,71.23628
2437,18.713993
2438,12.003634
2439,8.4486065
2440,78.46678
2441,113.954254
2442,74.572464
2443,108.41534
2444,116.57937
2445,74.92205
2446,43.605137
2447,7.607943
2448,85.91772
2449,37.09385
2450,28.708735
2451,102.83271
2452,23.393467
2453,7.0072417
2454,3.8246005
2455,11.143655
2456,13.787251
2457,33.63302
2458,1.2787714
2459,39.70545
2460,4.541762
2461,80.37972
2462,14.307561
2463,10.704762
2464,5.180515
2465,18.62397
2466,77.04863
2467,41.534004
2468,3.4069939
2469,19.73636
2470,35.2161
2471,16.763266
2472,44.71377
2473,17.872156
2474,1.4258089
2475,84.07348
2476,17.121593
2477,63.308186
2478,4.5547857
2479,11.7084
2480,8.336587
2481,89.51572
2482,81.54431
2483,1.0151443
2484,115.75241
2485,4.953462
2486,58.102634
2487,0.5282746
2488,15.362047
2489,19.07805
2490,35.770542
2491,37.750492
2492,35.006542
2493,22.41793
2494,58.47028
2495,9.426783
2496,33.935356
2497,108.61182
2498,96.924225
2499,26.868298
2500,15.474777
2501,17.743797
2502,7.4615383
2503,113.29065
2504,117.830475
2505,86.21844
2506,90.245186
2507,3.442122
2508,28.95984
2509,8.588514
2510,43.47129
2511,2.6267176
2512,10.278085
2513,8.252689
2514,60.396885
2515,73.37208
2516,43.39253
2517,84.211555
2518,71.7038
2519,2.5769718
2520,30.957436
2521,24.57575
2522,3.8660212
2523,85.31507
2524,21.57788
2525,86.722946
2526,87.17723
2527,16.572836
2528,5.818138
2529,72.69874
2530,2.019261
2531,-4.507465
2532,10.768235
2533,5.2225194
2534,81.89804
2535,46.24038
2536,8.430015
2537,8.777259
2538,107.06474
2539,14.330658
2540,67.38153
2541,28.60981
2542,26.37251
2543,7.0139427
2544,27.473103
2545,7.2185264
2546,25.557281
2547,-1.0871685
2548,79.022316
2549,76.33959
2550,6.612903
2551,18.153008
2552,68.88519
2553,4.118319
2554,3.4730952
2555,24.922512
2556,5.0515475
2557,5.6703715
2558,2.6994534
2559,3.8857784
2560,35.64389
2561,28.928547
2562,28.37429
2563,18.28609
2564,14.9426775
2565,0.7528505
2566,33.115833
2567,-2.2915664
2568,10.749941
2569,1.7180566
2570,8.202325
2571,80.965546
2572,2.9384284
2573,108.04482
2574,42.673103
2575,-0.81481165
2576,40.604115
2577,-6.430448
2578,1.9141737
2579,86.59334
2580,56.83791
2581,6.3076663
2582,3.2123284
2583,10.245078
2584,15.972396
2585,81.5567
2586,59.819324
2587,3.6476395
2588,59.461597
2589,10.376681
2590,52.20421
2591,7.2703776
2592,27.039967
2593,83.223305
2594,15.92954
2595,27.823153
2596,17.246376
2597,2.564013
2598,22.788172
2599,83.68292
2600,64.00525
2601,4.071703
2602,-1.0381606
2603,9.31558
2604,9.526889
2605,2.393432
2606,14.766581
2607,16.210619
2608,79.29629
2609,17.823898
2610,3.871523
2611,88.08592
2612,15.459823
2613,26.397915
2614,0.6894177
2615,4.0011888
2616,25.861084
2617,44.883812
2618,130.9178
2619,20.202044
2620,81.92771
2621,5.8033967
2622,7.3533645
2623,81.05281
2624,27.77573
2625,3.725419
2626,52.641888
2627,73.51336
2628,39.553482
2629,27.443827
2630,11.800871
2631,113.19999
2632,8.058592
2633,24.188969
2634,39.53521
2635,27.992023
2636,16.240791
2637,2.5806675
2638,94.090195
2639,74.42694
2640,7.7326837
2641,-0.36792886
2642,62.729122
2643,43.007053
2644,31.969809
2645,19.749664
2646,2.5773036
2647,-0.041985527
2648,54.98562
2649,43.879017
2650,4.039997
2651,2.245897
2652,9.625151
2653,9.586897
2654,64.30132
2655,29.896244
2656,5.529919
2657,92.23481
2658,30.24967
2659,36.9567
2660,33.220516
2661,8.424385
2662,11.761378
2663,2.484499
2664,5.949029
2665,74.017456
2666,75.6614
2667,7.2068496
2668,18.804253
2669,1.708152
2670,14.204652
2671,1.8995444
2672,58.87742
2673,11.676005
2674,138.56273
2675,0.040371
2676,90.97453
2677,3.1595469
2678,29.141613
2679,16.5502
2680,41.953964
2681,82.55114
2682,5.8979836
2683,17.508665
2684,2.2463255
2685,83.88952
2686,119.04788
2687,32.002647
2688,73.288895
2689,27.850105
2690,24.618841
2691,5.8192263
2692,5.180515
2693,26.06952
2694,56.142822
2695,6.4011383
2696,93.38349
2697,89.320175
2698,31.392368
2699,12.70186
2700,46.27474
2701,14.521014
2702,10.724408
2703,9.696263
2704,50.507877
2705,2.7132647
2706,71.499626
2707,2.0179265
2708,98.4363
2709,75.46167
2710,34.65333
2711,3.4613507
2712,9.68969
2713,86.59334
2714,12.772819
2715,57.127514
2716,2.723841
2717,9.766962
2718,86.37692
2719,5.7733536
2720,2.218404
2721,30.006617
2722,2.384032
2723,0.76415807
2724,1.9927833
2725,1.838286
2726,27.443827
2727,1.6008253
2728,83.79242
2729,23.19714
2730,9.163903
2731,2.9014215
2732,0.6507295
2733,18.813194
2734,109.76316
2735,6.3326344
2736,99.902725
2737,1.6648787
2738,33.364563
2739,41.17007
2740,96.19083
2741,14.857044
2742,4.5058136
2743,10.314895
2744,40.570812
2745,89.00483
2746,81.08511
2747,70.13745
2748,2.1326735
2749,56.439266
2750,0.41120154
2751,89.86554
2752,6.7178283
2753,33.01457
2754,2.6870563
2755,44.34005
2756,2.07595
2757,52.875835
2758,24.01148
2759,1.9141737
2760,19.057772
2761,3.038017
2762,4.84047
2763,11.852734
2764,17.119099
2765,3.1940038
2766,28.202503
2767,86.52669
2768,-7.5834055
2769,43.96661
2770,56.223667
2771,6.808998
2772,3.1595469
2773,43.39253
2774,0.93766445
2775,44.71377
2776,3.144777
2777,25.74202
2778,21.654795
2779,12.103546
2780,1.812419
2781,1.8994285
2782,36.504566
2783,13.744872
2784,46.72952
2785,3.4324086
2786,116.57937
2787,36.6224
2788,73.288895
2789,22.20495
2790,2.461433
2791,23.301592
2792,4.106207
2793,71.50789
2794,1.7177014
2795,22.738653
2796,70.78092
2797,11.287886
2798,27.02095
2799,85.898094
2800,131.51958
2801,9.507661
2802,17.401102
2803,27.22572
2804,28.1713
2805,3.5105026
2806,19.057772
2807,6.4389086
2808,81.383446
2809,11.561238
2810,76.45608
2811,13.78719
2812,90.29844
2813,42.40431
2814,13.289488
2815,29.93224
2816,0.051937275
2817,2.5997937
2818,12.302158
2819,1.8962153
2820,86.59334
2821,46.444126
2822,20.911095
2823,8.390879
2824,18.610573
2825,91.31568
2826,2.0983322
2827,80.0404
2828,66.606865
2829,5.914442
2830,5.7107143
2831,91.77161
2832,25.802544
2833,40.768753
2834,81.89804
2835,10.147033
2836,83.27641
2837,22.92908
2838,55.650284
2839,17.823898
2840,8.755714
2841,3.3866458
2842,108.94457
2843,115.354385
2844,7.349436
2845,35.860573
2846,45.03294
2847,7.3452573
2848,63.693314
2849,33.85988
2850,101.282745
2851,10.253751
2852,6.0975184
2853,36.6224
2854,26.995644
2855,13.71061
2856,3.8565698
2857,26.67027
2858,91.46563
2859,43.97205
2860,17.76974
2861,6.7164965
2862,56.00901
2863,2.6663792
2864,73.79986
2865,4.350301
2866,6.2230444
2867,15.888693
2868,56.934868
2869,2.730704
2870,24.934607
2871,79.79316
2872,3.017255
2873,6.0560203
2874,5.602698
2875,27.01544
2876,3.590487
2877,18.667389
2878,3.8870254
2879,38.03303
2880,12.502505
2881,35.190105
2882,5.0346074
2883,3.2123284
2884,64.27879
2885,11.694379
2886,15.466072
2887,44.87097
2888,22.136013
2889,5.075277
2890,15.413146
2891,4.436811
2892,121.94918
2893,-2.3427584
2894,24.286545
2895,11.638862
2896,23.357853
2897,1.8030449
2898,3.793585
2899,68.88124
2900,4.378285
2901,1.1330452
2902,24.81622
2903,7.366838
2904,77.25088
2905,4.7495656
2906,42.898094
2907,25.65247
2908,21.268612
2909,37.20804
2910,33.618004
2911,91.51904
2912,58.155952
2913,-5.270149
2914,25.041157
2915,2.8528485
2916,15.459823
2917,111.471466
2918,32.43419
2919,89.79759
2920,21.798502
2921,1.3018788
2922,5.8644714
2923,5.9185033
2924,4.6498604
2925,6.688293
2926,14.810354
2927,53.19401
2928,28.469973
2929,60.68954
2930,2.384032
2931,14.857044
2932,10.460898
2933,1.1713308
2934,19.742056
2935,104.17747
2936,43.34106
2937,53.875317
2938,64.37794
2939,73.28265
2940,87.49075
2941,79.79316
2942,6.994028
2943,111.32167
2944,76.710075
2945,4.9354258
2946,2.0880873
2947,41.131664
2948,6.3226504
2949,14.620113
2950,75.51196
2951,9.678963
2952,90.10239
2953,91.46563
2954,16.726377
2955,117.572495
2956,37.854717
2957,0.9950475
2958,8.051601
2959,90.40985
2960,80.81408
2961,33.11621
2962,2.1418676
2963,90.92803
2964,72.99838
2965,1.0801727
2966,36.431114
2967,119.04788
2968,9.08948
2969,46.11597
2970,21.98353
2971,0.22024848
2972,69.66705
2973,3.6101174
2974,53.20428
2975,8.308113
2976,74.83527
2977,1.673443
2978,20.26645
2979,81.80005
2980,5.61937
2981,10.1096115
2982,114.44683
2983,-3.5848606
2984,31.118412
2985,10.762618
2986,2.0783494
2987,80.04296
2988,81.338554
2989,0.97866344
2990,21.428717
2991,19.436218
2992,54.404972
2993,86.7262
2994,6.3128943
2995,3.5105026
2996,0.61615837
2997,9.000145
2998,9.2139635
2999,5.987702
3000,9.567352
3001,71.01246
3002,20.906324
3003,58.952686
3004,7.2546587
3005,2.6603475
3006,86.59334
3007,53.526016
3008,14.476341
3009,3.231184
3010,14.441164
3011,60.95391
3012,24.88904
3013,86.04202
3014,74.96293
3015,31.252668
3016,32.593967
3017,85.197174
3018,65.46972
3019,11.15534
3020,2.2278843
3021,2.9345329
3022,90.689644
3023,109.18999
3024,4.8579755
3025,2.1815352
3026,26.82513
3027,65.8146
3028,69.881676
3029,14.186111
3030,-1.783587
3031,34.542473
3032,54.53664
3033,27.084145
3034,15.804419
3035,1.6076393
3036,60.685635
3037,124.45574
3038,21.39809
3039,48.87157
3040,15.396003
3041,0.9917562
3042,58.46297
3043,2.233101
3044,1.0228069
3045,4.068586
3046,90.68453
3047,1.9520599
3048,13.902794
3049,5.486444
3050,75.9497
3051,24.038937
3052,45.27946
3053,2.557424
3054,19.057772
3055,1.3644422
3056,72.56885
3057,17.87748
3058,71.57958
3059,69.72248
3060,74.05937
3061,22.136013
3062,9.457732
3063,2.6263478
3064,90.195946
3065,36.200447
3066,5.602698
3067,86.27568
3068,74.475426
3069,27.808975
3070,65.95282
3071,4.5979276
3072,79.905655
3073,2.5658758
3074,54.15873
3075,39.08228
3076,18.401886
3077,7.002398
3078,24.808002
3079,13.702932
3080,71.72777
3081,24.20799
3082,81.89804
3083,3.4835367
3084,22.507792
3085,3.8660212
3086,59.0596
3087,47.52349
3088,16.04437
3089,32.85168
3090,7.9619126
3091,29.30963
3092,20.090298
3093,5.3586655
3094,63.734795
3095,5.8686237
3096,5.243198
3097,7.5568614
3098,3.1556914
3099,57.111874
3100,1.6227362
3101,40.06528
3102,0.61574274
3103,19.877016
3104,101.90107
3105,12.541613
3106,76.16166
3107,75.277245
3108,12.936974
3109,4.4270043
3110,4.2093987
3111,2.166177
3112,28.272808
3113,51.825203
3114,81.06756
3115,1.6408937
3116,6.792902
3117,90.27709
3118,2.1642854
3119,17.810942
3120,87.95357
3121,2.760288
3122,69.881676
3123,90.62368
3124,25.99661
3125,0.117736116
3126,15.459823
3127,15.921223
3128,45.57397
3129,3.6328106
3130,6.7452593
3131,7.4941072
3132,12.690646
3133,88.47028
3134,3.2727356
3135,79.022316
3136,107.58349
3137,53.672466
3138,24.529312
3139,5.329345
3140,0.5624763
3141,0.5481589
3142,9.766962
3143,64.52151
3144,1.0703411
3145,129.4814
3146,3.0293326
3147,61.15723
3148,79.03561
3149,57.99932
3150,19.194555
3151,41.436485
3152,45.624393
3153,67.36796
3154,3.9990783
3155,5.884518
3156,30.197878
3157,26.784952
3158,18.974722
3159,1.3331698
3160,8.677777
3161,41.395836
3162,133.87062
3163,3.0737157
3164,79.022316
3165,7.542111
3166,81.97658
3167,49.177372
3168,2.6827943
3169,3.4644375
3170,0.47094908
3171,0.5481589
3172,20.31602
3173,86.55331
3174,9.818578
3175,13.80575
3176,44.647896
3177,34.62287
3178,8.319098
3179,27.22572
3180,46.09037
3181,7.674194
3182,37.230373
3183,48.348373
3184,8.605669
3185,4.133943
3186,59.760727
3187,7.255374
3188,76.54491
3189,12.129163
3190,16.014584
3191,17.930983
3192,23.083803
3193,0.5543205
3194,4.676664
3195,90.633766
3196,24.806734
3197,86.631874
3198,27.605345
3199,4.2645583
3200,3.0895648
3201,14.806846
3202,2.9384284
3203,5.686367
3204,89.1073
3205,1.8960131
3206,24.71038
3207,33.036346
3208,15.499386
3209,16.431461
3210,86.59334
3211,77.38539
3212,3.0636094
3213,10.544771
3214,90.48388
3215,4.053431
3216,12.832132
3217,15.771142
3218,94.5498
3219,25.669626
3220,45.554047
3221,31.997421
3222,34.8802
3223,90.845146
3224,29.51288
3225,15.212184
3226,62.757748
3227,16.27072
3228,6.8108134
3229,90.42475
3230,4.3337183
3231,24.825006
3232,29.050503
3233,16.619751
3234,18.570702
3235,109.5876
3236,75.35063
3237,1.3979818
3238,6.2230444
3239,55.402134
3240,23.153772
3241,48.042564
3242,91.216446
3243,27.857924
3244,6.903912
3245,6.9445457
3246,15.605864
3247,10.948663
3248,35.481983
3249,3.0432937
3250,69.26527
3251,8.806143
3252,119.51385
3253,65.85476
3254,32.22515
3255,28.08495
3256,95.24068
3257,25.925392
3258,25.838398
3259,8.920134
3260,62.11212
3261,56.517845
3262,27.150568
3263,14.857044
3264,29.09251
3265,21.497921
3266,86.59334
3267,29.660763
3268,1.9277495
3269,68.82963
3270,50.261417
3271,9.246527
3272,42.42158
3273,33.618397
3274,8.677777
3275,77.56895
3276,17.38307
3277,4.3203464
3278,3.8533983
3279,72.18133
3280,4.891632
3281,73.23423
3282,71.386826
3283,0.51881623
3284,12.365718
3285,4.41469
3286,42.21638
3287,18.166334
3288,5.3607783
3289,55.63772
3290,1.0980191
3291,14.204652
3292,10.129124
3293,0.7453714
3294,10.837801
3295,26.386992
3296,6.793213
3297,17.26775
3298,44.56082
3299,10.986964
3300,6.721435
3301,43.82544
3302,54.615723
3303,1.0208995
3304,78.87656
3305,81.50356
3306,20.531761
3307,89.21788
3308,24.419136
3309,9.463523
3310,2.588194
3311,11.281237
3312,15.504791
3313,80.46854
3314,9.434445
3315,10.986964
3316,2.97531
3317,10.341635
3318,4.269881
3319,4.3246317
3320,25.492327
3321,4.1448817
3322,3.4119284
3323,1.672365
3324,9.262379
3325,72.99469
3326,98.77042
3327,6.705301
3328,10.437062
3329,4.712609
3330,20.466454
3331,49.58658
3332,4.85152
3333,78.220726
3334,75.424
3335,-0.33705106
3336,4.752562
3337,10.422271
3338,73.30027
3339,26.680405
3340,20.250051
3341,3.9383297
3342,11.3518915
3343,87.43243
3344,86.59334
3345,0.6228449
3346,74.198845
3347,5.7632613
3348,20.70455
3349,33.85988
3350,10.051866
3351,72.21351
3352,36.690777
3353,48.41575
3354,2.309193
3355,11.813363
3356,5.657878
3357,90.195946
3358,97.96145
3359,71.010735
3360,40.375687
3361,16.763266
3362,31.137413
3363,96.13761
3364,115.25686
3365,20.13707
3366,86.59334
3367,30.348091
3368,5.9300156
3369,53.363487
3370,32.540337
3371,29.248592
3372,0.96869546
3373,20.665417
3374,33.536472
3375,83.861015
3376,90.313156
3377,18.264591
3378,65.59825
3379,3.537954
3380,5.8200374
3381,2.6682827
3382,2.710029
3383,15.224541
3384,37.063164
3385,63.663887
3386,13.854064
3387,79.96166
3388,2.0762892
3389,85.216515
3390,9.691662
3391,124.45574
3392,12.547799
3393,26.82513
3394,124.238205
3395,5.373665
3396,19.372004
3397,113.11697
3398,57.99932
3399,11.625207
3400,14.679437
3401,8.990023
3402,50.003887
3403,72.644485
3404,10.100234
3405,25.22401
3406,13.380909
3407,18.800507
3408,4.6702514
3409,71.93914
3410,59.961876
3411,36.265606
3412,76.45608
3413,4.866523
3414,82.428154
3415,107.394066
3416,100.49975
3417,-0.4685975
3418,1.4481133
3419,96.04338
3420,12.637996
3421,8.061741
3422,36.6224
3423,64.51603
3424,35.84652
3425,43.264854
3426,43.812305
3427,6.8883247
3428,31.271807
3429,18.04219
3430,45.27604
3431,8.540143
3432,6.9117923
3433,63.591217
3434,53.592087
3435,7.869595
3436,67.87515
3437,83.16291
3438,84.85697
3439,42.615578
3440,1.8453473
3441,5.96488
3442,11.886602
3443,118.079865
3444,15.90657
3445,26.67027
3446,69.183815
3447,35.241386
3448,27.03787
3449,18.804768
3450,3.480356
3451,-0.1325414
3452,24.73428
3453,54.157173
3454,28.738533
3455,27.22572
3456,17.87007
3457,81.35181
3458,23.715246
3459,9.502546
3460,46.143738
3461,9.263585
3462,12.923143
3463,33.85988
3464,69.02932
3465,8.631966
3466,21.413004
3467,23.41731
3468,90.22236
3469,24.284338
3470,90.81409
3471,3.250051
3472,4.5830803
3473,46.85669
3474,42.67428
3475,50.107395
3476,11.490156
3477,18.070124
3478,14.204652
3479,51.323803
3480,3.0765135
3481,11.3518915
3482,23.415834
3483,83.368164
3484,4.159151
3485,67.97871
3486,1.2595334
3487,17.18132
3488,90.35958
3489,4.276925
3490,5.334744
3491,5.8909187
3492,4.7291155
3493,36.80508
3494,3.235362
3495,32.536644
3496,86.44964
3497,30.53212
3498,32.36096
3499,83.68221
3500,3.8715765
3501,77.07243
3502,6.769121
3503,85.52104
3504,61.73857
3505,6.473871
3506,33.889233
3507,69.31447
3508,8.902271
3509,33.69356
3510,87.87414
3511,79.639496
3512,85.91772
3513,1.7177014
3514,67.23629
3515,97.217224
3516,89.84027
3517,2.9964788
3518,0.8327351
3519,0.00044331292
3520,4.939657
3521,8.207505
3522,62.090218
3523,124.95379
3524,4.9479713
3525,83.60403
3526,6.0040364
3527,87.13229
3528,63.572704
3529,86.59334
3530,9.714419
3531,4.6149335
3532,113.87325
3533,82.43768
3534,14.806846
3535,2.9230778
3536,2.8517084
3537,12.121611
3538,35.898727
3539,10.1588
3540,2.5027764
3541,2.2204642
3542,75.406105
3543,3.4013562
3544,28.92554
3545,21.60255
3546,40.44282
3547,79.35421
3548,90.172455
3549,12.461664
3550,0.5282746
3551,18.974722
3552,21.07809
3553,6.769155
3554,45.086617
3555,3.6995482
3556,41.25857
3557,40.94614
3558,14.082271
3559,19.657776
3560,32.47022
3561,93.76897
3562,9.367717
3563,19.782145
3564,70.872574
3565,1.6171204
3566,8.393215
3567,32.074844
3568,20.490547
3569,125.94558
3570,3.4165714
3571,9.335518
3572,62.239834
3573,1.4000244
3574,4.888196
3575,88.94144
3576,31.891851
3577,3.0607738
3578,2.8905365
3579,20.974144
3580,30.673252
3581,69.922646
3582,87.09741
3583,8.195557
3584,27.963083
3585,5.2956214
3586,85.697784
3587,13.65329
3588,87.59184
3589,26.37251
3590,91.1223
3591,18.27298
3592,13.148803
3593,64.06708
3594,77.65256
3595,1.246839
3596,4.969472
3597,57.99932
3598,70.94393
3599,6.0037875
3600,5.517447
3601,9.149405
3602,3.1030533
3603,1.0298284
3604,87.2098
3605,4.227214
3606,18.166334
3607,86.704346
3608,1.4871325
3609,4.3848214
3610,1.4516996
3611,31.215118
3612,13.349587
3613,29.775494
3614,81.50556
3615,10.117426
3616,4.7498803
3617,2.760201
3618,22.359793
3619,9.51662
3620,9.737889
3621,0.16926904
3622,29.406633
3623,79.0156
3624,81.89804
3625,8.818058
3626,79.961555
3627,121.06291
3628,8.081856
3629,72.29876
3630,5.5280023
3631,5.4429674
3632,40.0738
3633,51.40039
3634,3.3240948
3635,2.2130778
3636,33.689236
3637,3.9395218
3638,19.674578
3639,85.95175
3640,5.449183
3641,26.99424
3642,1.8643521
3643,79.022316
3644,7.409697
3645,16.802666
3646,6.9951043
3647,4.027535
3648,0.37212688
3649,37.739864
3650,77.14479
3651,42.57467
3652,13.812209
3653,56.876656
3654,1.4549106
3655,14.14125
3656,16.201283
3657,24.668406
3658,33.937454
3659,4.5804644
3660,3.8724146
3661,1.319392
3662,63.510933
3663,33.85988
3664,75.84657
3665,23.967499
3666,30.471094
3667,39.532833
3668,39.538918
3669,1.3680552
3670,9.158253
3671,5.191076
3672,3.0099368
3673,31.70505
3674,54.95309
3675,3.501959
3676,0.4068475
3677,114.85014
3678,7.683036
3679,45.833435
3680,9.012866
3681,1.6996603
3682,35.70255
3683,9.386667
3684,14.093003
3685,113.11697
3686,33.85988
3687,-0.5062582
3688,3.8265917
3689,51.755367
3690,86.39049
3691,1.4450475
3692,5.987702
3693,66.308685
3694,27.03787
3695,90.2962
3696,16.288202
3697,28.366669
3698,82.18096
3699,5.9645014
3700,44.0269
3701,19.749664
3702,9.9561405
3703,6.808998
3704,1.0301702
3705,5.1068597
3706,11.208953
3707,1.3848519
3708,1.9102093
3709,22.87148
3710,1.9214975
3711,13.787251
3712,133.27174
3713,103.37349
3714,60.072475
3715,6.2661157
3716,11.379857
3717,4.877141
3718,83.28635
3719,77.75281
3720,79.72692
3721,90.93933
3722,7.0813704
3723,8.772663
3724,90.81792
3725,3.9631515
3726,11.149631
3727,37.513275
3728,45.493507
3729,69.384346
3730,24.73447
3731,26.842863
3732,21.12284
3733,69.162895
3734,2.4726567
3735,6.2930455
3736,48.185295
3737,3.5581572
3738,46.312695
3739,77.09016
3740,76.05415
3741,80.20991
3742,63.025074
3743,2.9641426
3744,7.3187757
3745,119.04788
3746,8.605669
3747,61.20838
3748,56.559975
3749,4.3359385
3750,34.542473
3751,1.1017114
3752,12.326897
3753,69.74126
3754,3.1860166
3755,18.117157
3756,4.6055784
3757,6.550519
3758,0.43510646
3759,2.5784764
3760,72.28905
3761,27.785767
3762,52.163624
3763,4.611276
3764,13.760422
3765,30.820936
3766,19.451447
3767,14.980699
3768,32.992702
3769,34.834347
3770,69.344376
3771,27.08672
3772,1.6308042
3773,78.41804
3774,3.8715765
3775,77.16645
3776,28.146921
3777,90.06981
3778,7.4806776
3779,52.09615
3780,6.082877
3781,14.909111
3782,8.210929
3783,76.49638
3784,84.64969
3785,91.46563
3786,91.09526
3787,1.61479
3788,17.916122
3789,71.31608
3790,35.04735
3791,15.047965
3792,65.43899
3793,24.128786
3794,1.8994285
3795,6.2200546
3796,4.2934904
3797,13.21347
3798,36.745407
3799,30.558285
3800,5.7647014
3801,39.489475
3802,4.4681015
3803,14.860922
3804,2.8805609
3805,86.58543
3806,37.225807
3807,19.322292
3808,57.99932
3809,4.3322735
3810,79.1835
3811,87.34718
3812,8.5637865
3813,79.23175
3814,3.5480926
3815,3.3785
3816,86.59334
3817,109.5876
3818,26.680405
3819,7.3607917
3820,5.569655
3821,37.43605
3822,36.32553
3823,26.460196
3824,7.2231207
3825,5.7647014
3826,22.074675
3827,54.150196
3828,8.336107
3829,14.380195
3830,17.445663
3831,10.779509
3832,5.1097946
3833,85.745964
3834,67.89798
3835,2.382805
3836,24.434214
3837,5.3466415
3838,81.62446
3839,7.980646
3840,-0.8852803
3841,1.1213188
3842,2.698938
3843,16.034935
3844,3.7160788
3845,26.708729
3846,12.717799
3847,94.33569
3848,11.414677
3849,49.39776
3850,25.498646
3851,43.32299
3852,108.76649
3853,18.974722
3854,4.9699464
3855,9.665149
3856,71.89869
3857,16.3641
3858,30.378973
3859,4.555931
3860,14.069823
3861,15.281299
3862,25.149359
3863,68.585754
3864,108.19752
3865,86.86838
3866,78.36541
3867,32.851517
3868,30.416285
3869,3.568755
3870,19.73636
3871,13.540462
3872,120.998146
3873,83.70325
3874,61.718422
3875,127.76969
3876,8.875326
3877,86.59334
3878,6.808998
3879,2.404776
3880,13.651588
3881,2.2339702
3882,8.579925
3883,68.88124
3884,1.3897799
3885,85.94151
3886,2.7137067
3887,4.820257
3888,17.169493
3889,1.1776195
3890,5.762185
3891,6.807459
3892,5.1854753
3893,70.49779
3894,37.719925
3895,82.659676
3896,30.724424
3897,4.640703
3898,25.506104
3899,81.05761
3900,7.2626367
3901,75.27813
3902,22.677956
3903,33.01457
3904,92.88158
3905,2.718916
3906,41.76162
3907,81.21306
3908,42.039948
3909,0.5041275
3910,2.6474764
3911,28.22329
3912,12.057947
3913,9.315153
3914,8.294107
3915,73.288895
3916,27.22572
3917,18.489708
3918,7.015423
3919,29.056234
3920,20.355646
3921,50.29342
3922,26.37251
3923,78.85266
3924,86.06371
3925,71.85348
3926,70.59367
3927,51.27921
3928,5.7954035
3929,36.6224
3930,69.26239
3931,75.21079
3932,84.89599
3933,19.01711
3934,4.8190603
3935,20.87342
3936,34.801197
3937,14.1245365
3938,72.623215
3939,9.927172
3940,133.42831
3941,6.76196
3942,4.487935
3943,24.736572
3944,10.17654
3945,75.78815
3946,30.939045
3947,12.490014
3948,114.22589
3949,9.018361
3950,4.261689
3951,2.156364
3952,21.497307
3953,16.763266
3954,65.55633
3955,9.568293
3956,3.9443324
3957,2.3323452
3958,37.55132
3959,45.048878
3960,25.439833
3961,7.6556625
3962,4.489348
3963,0.060143474
3964,7.2093077
3965,4.0295916
3966,3.8085682
3967,27.748363
3968,5.8974996
3969,43.262882
3970,1.3481656
3971,3.8807688
3972,89.46483
3973,34.012592
3974,17.859194
3975,81.91544
3976,80.3851
3977,50.519253
3978,18.800507
3979,13.787251
3980,44.63938
3981,27.03787
3982,3.0198736
3983,79.022316
3984,1.8687468
3985,9.422803
3986,14.808825
3987,72.75134
3988,18.489708
3989,90.22236
3990,86.59334
3991,11.056123
3992,78.01817
3993,16.142015
3994,8.352435
3995,1.3135929
3996,31.755836
3997,1.9536306
3998,46.032223
3999,6.4350705
4000,16.61016
4001,44.19693
4002,79.022316
4003,116.57937
4004,33.844955
4005,74.838036
4006,21.651844
4007,14.806846
4008,15.230745
4009,3.8892539
4010,20.355646
4011,11.520555
4012,5.128974
4013,36.8719
4014,13.130677
4015,60.003735
4016,16.63562
4017,4.8895574
4018,1.0370591
4019,1.8158592
4020,45.493793
4021,2.197812
4022,1.9102093
4023,40.00598
4024,8.740748
4025,0.93329716
4026,91.31568
4027,10.277221
4028,5.529919
4029,0.95511144
4030,54.471893
4031,11.839245
4032,107.052986
4033,7.645191
4034,17.54421
4035,10.060802
4036,89.13953
4037,87.95357
4038,0.8749543
4039,47.82959
4040,4.345576
4041,3.2271702
4042,76.05415
4043,74.67868
4044,13.417546
4045,88.34056
4046,11.692944
4047,6.360831
4048,66.33959
4049,6.2244005
4050,21.842398
4051,19.936531
4052,1.632813
4053,33.383404
4054,54.531044
4055,28.34556
4056,95.00875
4057,36.816822
4058,79.022316
4059,14.30295
4060,25.558455
4061,14.806846
4062,96.695816
4063,19.749664
4064,2.059969
4065,37.658607
4066,39.304245
4067,15.59302
4068,21.752068
4069,0.62454975
4070,83.014114
4071,23.530775
4072,59.66129
4073,91.58908
4074,14.465076
4075,77.76291
4076,72.65151
4077,79.79316
4078,50.886547
4079,2.3392386
4080,5.612035
4081,36.6224
4082,13.245475
4083,25.993063
4084,1.7979332
4085,71.89869
4086,4.56695
4087,11.715774
4088,78.9477
4089,79.955185
4090,81.13572
4091,1.792126
4092,3.4473891
4093,8.97283
4094,63.933075
4095,2.8685064
4096,33.07533
4097,37.09385
4098,30.923588
4099,29.775892
4100,25.68296
4101,3.305174
4102,4.157867
4103,43.440266
4104,55.58024
4105,85.31603
4106,4.4575386
4107,38.62961
4108,1.9046768
4109,4.6641793
4110,1.4294846
4111,76.45608
4112,105.54336
4113,4.185428
4114,8.466482
4115,2.6733518
4116,5.773205
4117,31.769907
4118,6.051944
4119,4.078535
4120,84.65552
4121,68.19951
4122,14.384058
4123,87.79101
4124,27.785767
4125,75.98319
4126,10.818271
4127,11.981808
4128,2.3443828
4129,77.04863
4130,89.04595
4131,1.8323296
4132,3.5105026
4133,26.236986
4134,19.299084
4135,17.281157
4136,11.447648
4137,25.196383
4138,64.85052
4139,3.8868592
4140,24.855732
4141,16.71105
4142,25.96192
4143,79.089714
4144,3.3339713
4145,3.322833
4146,4.512488
4147,23.43732
4148,79.20365
4149,1.2109233
4150,4.9351497
4151,25.19562
4152,0.36515072
4153,16.269127
4154,121.19323
4155,105.82668
4156,5.976305
4157,35.112232
4158,2.3858762
4159,89.63906
4160,25.655958
4161,9.026315
4162,50.53318
4163,83.15165
4164,13.380909
4165,84.8223
4166,21.652338
4167,109.712326
4168,9.068043
4169,89.51572
4170,8.1762
4171,83.17692
4172,3.537954
4173,115.861565
4174,32.594418
4175,27.785767
4176,81.53058
4177,1.4261783
4178,14.763106
4179,8.210136
4180,85.20356
4181,79.79316
4182,26.842863
4183,109.301285
4184,78.006004
4185,5.8974996
4186,11.761378
4187,2.434022
4188,68.780136
4189,100.124214
4190,37.659706
4191,6.0915775
4192,2.3914557
4193,14.53384
4194,11.481438
4195,2.7470353
4196,1.8696246
4197,5.7200727
4198,78.375626
4199,3.683162
4200,4.1843853
4201,35.96194
4202,92.16466
4203,8.995218
4204,-2.0467877
4205,12.553274
4206,78.875336
4207,52.41581
4208,8.058637
4209,10.658543
4210,3.6710541
4211,5.913837
4212,61.135826
4213,0.99044997
4214,5.920587
4215,4.6995697
4216,36.6224
4217,92.378044
4218,121.06291
4219,86.04202
4220,7.638518
4221,6.014462
4222,63.130833
4223,14.53384
4224,15.119572
4225,12.6714115
4226,49.449863
4227,36.20449
4228,37.26861
4229,3.2021472
4230,5.81993
4231,0.40637553
4232,-0.28811976
4233,65.41784
4234,107.10932
4235,59.531418
4236,9.777595
4237,73.09931
4238,69.15049
4239,0.85811055
4240,107.8254
4241,70.1882
4242,6.2968984
4243,4.1012163
4244,4.03988
4245,19.877058
4246,14.059641
4247,20.060081
4248,-5.602551
4249,14.498213
4250,2.8204038
4251,121.06291
4252,20.202044
4253,9.786278
4254,74.164955
4255,92.25314
4256,16.68615
4257,56.267662
4258,-0.15142152
4259,86.58543
4260,33.889233
4261,27.147018
4262,7.217888
