,median_house_value
0,127481.66630468256
1,71076.19906540247
2,220160.4721788386
3,174135.03823885205
4,337823.5652286001
5,231528.56584165202
6,200152.05293698978
7,206510.1131964349
8,105438.01810249232
9,86998.56740301206
10,142617.45167494734
11,341841.41066984215
12,159110.68734279397
13,246537.8853047648
14,199895.48319426872
15,199364.78136185103
16,413635.99422429665
17,160262.2776000399
18,243105.026781504
19,91227.32966163367
20,122272.60206990458
21,84913.17346991338
22,426447.20901637897
23,193798.81012112525
24,225639.62265973006
25,216232.44643629764
26,129688.58198243327
27,218133.73179773067
28,200453.22773518573
29,179239.56738163356
30,60003.22023630203
31,92704.00467839648
32,297955.2139031729
33,225213.1219965907
34,144618.06735283625
35,265469.2328635786
36,276279.53636548866
37,243126.70755750808
38,179375.77093763906
39,168528.55275351298
40,98945.90912378891
41,195579.39896691585
42,158812.40449625143
43,182609.30745121394
44,182134.30725950733
45,87368.3933587126
46,126032.44266775607
47,369991.8738564832
48,132215.53240561634
49,287848.3407587071
50,233718.35148375892
51,142334.55858889522
52,173228.39609297895
53,54132.74357446001
54,271598.69867052493
55,120516.73011036713
56,314099.6908138127
57,258233.89181602304
58,300999.83841590275
59,230514.4276637181
60,261249.74230338357
61,314331.15640935424
62,211813.8693699079
63,116899.1786862544
64,191947.5770550203
65,76105.42175808242
66,169833.7061071239
67,106648.3910815671
68,425738.0832792539
69,177794.61324674656
70,113908.18178655511
71,119810.01852022413
72,164116.74620451528
73,489865.19204017817
74,189093.17105429887
75,335387.825390323
76,98071.002178818
77,437890.60832862754
78,133857.65935746647
79,492738.7990867339
80,135154.6573560082
81,62383.90368704009
82,93621.36169011981
83,164882.39163451226
84,458207.8900302241
85,171821.84982047262
86,127009.7614012868
87,217589.2294564689
88,171184.09768565593
89,350321.45057284646
90,110269.95700031957
91,174642.9808147603
92,115972.16774231831
93,76974.52871906289
94,264535.5881025321
95,98315.19003942811
96,236859.3694927762
97,100939.32824534565
98,152156.0844404721
99,64358.87350649669
100,191284.25090218172
101,174768.5964541565
102,282331.8061708149
103,220554.7165568196
104,175146.2977511336
105,248944.7321310682
106,298260.5531662307
107,77247.83000068176
108,403109.7580817139
109,171492.98281674614
110,143520.80370555678
111,184218.9030581552
112,102121.91102581516
113,151962.4964676884
114,179151.99665648447
115,248171.78022234852
116,220349.78755880267
117,143507.32386064806
118,192560.3102338617
119,310989.79516492947
120,90106.20146413441
121,78475.16424114106
122,188169.99428106274
123,155101.4496981161
124,231896.7014400168
125,190105.0787146915
126,271900.31909566605
127,341018.05464919517
128,344468.74481285183
129,261704.39520709196
130,286696.63778643816
131,129479.60224209026
132,511894.30913527095
133,230402.3719631727
134,198889.65897225577
135,219622.9963347685
136,287280.18292015005
137,84954.91711357808
138,121378.58720841774
139,289286.7909519073
140,143422.78764737764
141,312748.9867523074
142,99771.46684190929
143,99535.62836576845
144,173156.84672673835
145,159769.6330830455
146,120700.1713179186
147,338846.6575872422
148,155281.98531370354
149,143751.2456962483
150,155843.23798035432
151,67059.29613451377
152,176917.4188042211
153,176067.1953557499
154,243525.05089517892
155,178005.8353476376
156,569540.2391880905
157,213371.40341020416
158,136333.09151651233
159,165133.53495850912
160,158708.01406231802
161,375566.53676444513
162,68146.07835757895
163,190665.08214494804
164,395233.3325732333
165,174441.04094685457
166,176237.9326357244
167,132020.9437750854
168,160009.5249915436
169,107348.52984745601
170,187728.15294305436
171,272952.8151993319
172,135735.86225048883
173,53097.84908755313
174,515847.1944521365
175,190419.89338820562
176,174061.3549309458
177,57025.27869393496
178,262711.619650226
179,414385.17379209877
180,202303.6763517102
181,76678.40280690673
182,258669.8470856802
183,251393.52032622427
184,248520.37219091802
185,196340.16260356398
186,256689.45012297714
187,89274.52439341908
188,55464.78358207352
189,239410.72061959456
190,157540.11823276285
191,195236.7372981059
192,370267.85765411775
193,296294.91437094135
194,139350.5596209601
195,298662.5663724593
196,462088.8857409202
197,158550.07520801038
198,79427.88226816453
199,181668.12593291223
200,380571.06099178357
201,154081.5129591362
202,47982.92208873696
203,208063.68405832353
204,113872.4665287149
205,161138.04448289613
206,106487.78269925041
207,190318.17278974014
208,219543.540281932
209,225091.50943971216
210,95599.08027089154
211,386563.62565716275
212,165180.43635477737
213,526549.4218431953
214,178708.47690667486
215,197491.3830951972
216,182732.9436119402
217,238215.87771941212
218,340564.53291348007
219,153510.69217697822
220,242196.14895558255
221,208965.85412211475
222,107058.36359813738
223,183365.64103317301
224,206564.5487756238
225,202017.052377324
226,363679.08296341187
227,263002.3346906625
228,69433.62580114181
229,388974.2577969774
230,216480.64468157833
231,225075.801897596
232,154988.6475846552
233,207922.1322186141
234,212701.79344275699
235,453856.22473403567
236,250496.45052498186
237,105743.28737268128
238,144380.7664729564
239,98625.0674959465
240,411761.9502006461
241,240340.64793406817
242,151988.3934947646
243,69838.28119363039
244,84724.90861726731
245,254720.52309756714
246,213937.9222889744
247,349921.39901191177
248,175264.52009113992
249,175895.41794279584
250,107084.65913287787
251,456759.2287381334
252,155485.5625207093
253,413909.33243538847
254,152993.6040416672
255,207814.31866591642
256,230783.74015386042
257,262852.32834425557
258,516649.49355543597
259,150992.02592132342
260,101358.20979898516
261,487177.851329204
262,61180.632192179444
263,444192.2046217461
264,196044.28976365094
265,152110.37395867266
266,114693.30912919733
267,202376.89049200717
268,119709.1763488351
269,146910.95996261935
270,267858.8541851922
271,273178.1410736107
272,132922.7722114615
273,334979.9457428617
274,221222.75545942408
275,372969.8720873963
276,196479.59088586754
277,164933.12408516512
278,291061.77330607845
279,163896.16576036182
280,231651.42968897772
281,76794.48405180385
282,367869.42485828034
283,189905.74794278393
284,265147.8407530486
285,146635.97190192743
286,162294.27211403707
287,303258.469826254
288,337917.517211434
289,224712.27928115363
290,116798.19358266966
291,504093.72908555984
292,465470.7866089473
293,237083.53278683132
294,229206.95490269357
295,160544.36916198916
296,255504.98860753875
297,130631.23417051032
298,81158.62321032718
299,142966.07609933225
300,388803.85017435823
301,237316.95065860217
302,205390.47060844844
303,146094.8331236371
304,410317.40721370943
305,368020.378105846
306,327330.21046163014
307,200364.55963292843
308,428594.73588640126
309,327289.46381960507
310,390875.88662351714
311,403022.2121718733
312,210062.67175210206
313,111639.87402743075
314,107526.54104432781
315,150456.5327007233
316,65321.64294857238
317,193368.3251573793
318,114951.48144475864
319,136212.04526695394
320,277404.026765892
321,96335.86561579011
322,159957.35249657504
323,108590.4110691641
324,331491.6105515485
325,533404.6417230498
326,78476.85276346414
327,54136.06553639233
328,346334.35932325176
329,111113.13527386422
330,300441.24713916326
331,142940.85976317816
332,83695.39364907195
333,85450.40200177098
334,269584.9174554414
335,98312.33389067184
336,292620.04712172603
337,176584.11964129907
338,214686.4017427908
339,203934.9088381545
340,74168.8994663828
341,297678.4769543651
342,276033.3219534411
343,159670.02967881685
344,200428.31331601064
345,422630.97200081695
346,147299.33530014625
347,70341.92651709306
348,77848.17737556681
349,479444.02626469574
350,516251.6168861966
351,86707.58853263264
352,244645.7359072142
353,280054.349729356
354,281300.1963630946
355,171495.44030107124
356,81437.05258105179
357,391495.0034416964
358,169040.2491554812
359,465740.9107891525
360,466733.70600316743
361,174739.36296677907
362,122081.49415744019
363,123270.4882768494
364,124123.59416601424
365,134883.97987388182
366,349688.76591428864
367,141110.03440158092
368,215309.56478588915
369,302091.9705310627
370,289439.2195492843
371,58726.96986212494
372,478902.7091910508
373,373547.69464129827
374,111940.91088041427
375,165330.48410289772
376,71522.90545066318
377,122580.85494973915
378,115220.44648890643
379,351865.13476005325
380,209067.14264255072
381,178255.3071723051
382,87416.763800114
383,459320.1675318824
384,138272.1010835173
385,203769.8751891441
386,61768.58763408105
387,513579.8203865013
388,270431.36719862075
389,143646.65500042186
390,437797.9396581104
391,137660.95797999098
392,366711.4095504539
393,137638.86745365747
394,111109.30759514957
395,213157.69075308114
396,248327.99065793765
397,99365.92102156248
398,162777.92435275466
399,280646.0369557551
400,272532.1740590194
401,107898.14749042082
402,147712.3117291351
403,138125.5016699035
404,80539.17871489683
405,120315.30143997147
406,364971.65151378594
407,124389.45209993525
408,244489.8701388643
409,70003.09995983602
410,63589.835109205655
411,152775.36778045841
412,269157.917841299
413,389386.67818472564
414,310443.5785551056
415,102142.3635700037
416,344504.19125259365
417,363503.84939400724
418,150066.22309084592
419,257802.9444432812
420,349010.0084998796
421,181754.53709640063
422,91792.86881233896
423,409822.1564522732
424,185060.8233999313
425,222445.68076853143
426,239877.71949127282
427,104119.53461824569
428,224427.52989062152
429,402163.66081759764
430,123163.20871360706
431,200860.3087848307
432,200534.6205828874
433,158762.33278262737
434,284445.37986037123
435,260312.1287003236
436,266215.3805691651
437,172808.76414531245
438,187481.01535952304
439,131911.23046891106
440,229357.59209174474
441,128470.75277475723
442,231402.54435187916
443,336373.1969074474
444,90843.44356279311
445,252638.3671819586
446,232280.85061915717
447,389910.13398531964
448,207496.7710113887
449,171640.844193124
450,179890.6739104924
451,193268.75108363348
452,149701.87949640336
453,148531.60192114775
454,233895.35881719517
455,75015.92899934642
456,257555.99513940033
457,153028.26022797104
458,110018.0439593937
459,115179.52317698004
460,147363.38528001276
461,81333.40709755635
462,189487.01462174157
463,399338.3669069703
464,222767.26819322855
465,122717.9517098648
466,504616.37866504735
467,136877.9746303762
468,273138.73602154164
469,228728.26247719236
470,254340.91565078337
471,246348.8735033013
472,50677.36280158773
473,284615.9014638379
474,100090.79674925422
475,262681.38925916195
476,272046.3700428206
477,135938.48014985808
478,52621.56263458854
479,73584.57329682153
480,197605.70856877486
481,67303.50888484388
482,213165.31290209468
483,70247.65376146985
484,170237.60724381014
485,199326.0489588505
486,371238.15654913196
487,274730.88616375276
488,61907.61720062076
489,125754.38553947529
490,472517.41369160655
491,456440.7480846824
492,186530.14596272138
493,161931.51471623342
494,121548.6509113294
495,91196.67729227316
496,228950.76247346296
497,86357.81638490039
498,220674.7012669607
499,176448.62622012262
500,128553.82058175928
501,186599.44422421174
502,355862.3519628538
503,226166.76892171428
504,54795.32397295043
505,146488.9310175982
506,355202.74067800166
507,398146.5999589315
508,326585.6213486748
509,500122.03176672966
510,94852.22967327607
511,150516.4755396389
512,378643.14130635397
513,132151.38183602763
514,113945.86816740109
515,474180.54892006435
516,256019.7203869492
517,140705.05871225064
518,272601.941571777
519,348273.97243558965
520,481747.6470961573
521,439680.4357081589
522,110525.32264311647
523,294317.1724419595
524,378172.5421924272
525,112873.77072496073
526,277601.72884558537
527,178681.0150664205
528,117144.04468919965
529,193815.51066911922
530,245752.27402509504
531,156758.58021130087
532,229438.60610445158
533,183624.63215009976
534,210757.75037234876
535,56170.37200155872
536,193657.27771392063
537,186458.1793328776
538,249691.86190431463
539,190565.24851401095
540,179264.58134613588
541,186759.57998318557
542,151873.66586350283
543,146606.77020819808
544,232997.9197751084
545,191936.28184103864
546,146822.75335246924
547,196962.33736657852
548,109026.37041358116
549,353766.2511396177
550,68638.58759336811
551,202374.3863605343
552,384636.42234388145
553,310741.4617318711
554,197880.39672785066
555,83912.89912428368
556,115297.12383978273
557,133392.56524401467
558,205667.08285228896
559,239569.4582474273
560,184911.0175845799
561,82323.88096153153
562,321101.5989248529
563,63465.35458610978
564,228267.79867311768
565,224029.0150674474
566,164753.85274812632
567,141542.98417427734
568,180118.47749986907
569,494142.0771153386
570,127709.54590206411
571,206315.1297207074
572,195197.38553367663
573,137513.38989129022
574,465405.2808196802
575,306509.2697631687
576,207176.48685463308
577,287451.312318436
578,217788.51600042064
579,143305.11204324308
580,160539.8673932267
581,183999.81998635342
582,73232.80405269738
583,317146.7300389322
584,200343.6688733849
585,376726.3334065421
586,307534.3577805413
587,226173.0012469354
588,225042.26702088895
589,245427.76436453912
590,184791.834993767
591,367057.9736347769
592,239265.87928591645
593,370234.1068593948
594,260427.2402588168
595,266255.1261273526
596,167287.33008895058
597,166360.97726219523
598,341209.1797739386
599,120620.67198674608
600,455739.7041818895
601,90135.89806992578
602,87159.88295776199
603,405116.32164951623
604,105963.68801201107
605,216394.51023913786
606,149243.15006170847
607,148115.448536523
608,219810.35619856836
609,153941.39813723628
610,97561.05995514707
611,263662.6623246639
612,146153.83782133373
613,372614.5807846184
614,145353.87674473922
615,194417.82167798156
616,162945.52278576774
617,199456.8137706429
618,116312.35997961237
619,164526.74785829938
620,206119.8353088496
621,92041.97666268297
622,152781.01005649538
623,183931.0267946874
624,128445.18695512618
625,211547.872475501
626,108459.7969406176
627,367704.41617583646
628,254244.4065000123
629,136416.94877580044
630,252601.7906683205
631,216706.73333104837
632,459048.8593346597
633,275930.1879520732
634,182193.50972364208
635,159582.43810744575
636,185122.74744544775
637,497506.4501190719
638,348859.02091848536
639,134978.2740288375
640,100154.12581805955
641,153430.4632220197
642,188956.46806334425
643,432227.6833442614
644,264176.1016139591
645,166486.69282363693
646,150855.830828289
647,245616.72099453595
648,285745.7430716641
649,108810.38143614231
650,127725.16207918488
651,188639.05109443946
652,111969.60567197099
653,276713.29404220893
654,493509.0648929801
655,71295.37583017204
656,111465.91698000579
657,433904.263068996
658,101055.0348529187
659,227490.5261376368
660,131409.17555704585
661,105399.74758912338
662,145892.12472570903
663,63240.69381834488
664,157849.5214568813
665,184974.29174798296
666,211191.63957099325
667,484327.4644639324
668,291713.5563256594
669,197923.32146185683
670,121033.74779931198
671,205918.26042921396
672,187600.64584645603
673,221023.17485772344
674,235841.20723633742
675,298425.1802858728
676,274518.81897234253
677,303926.4347074758
678,204397.84754217527
679,135501.11179109354
680,353441.7311238225
681,353744.90903697745
682,109425.89955572164
683,293159.2520766703
684,216334.33322342962
685,206310.85884072605
686,115692.68942806713
687,71649.20464387367
688,166849.60010085464
689,184213.669265797
690,239974.34439105206
691,179957.5191164641
692,226005.9034726186
693,478443.14385324327
694,370870.69610321446
695,403598.8238194104
696,353877.77807457175
697,401946.0122296427
698,94014.53954182993
699,161488.6443134022
700,336937.14958100714
701,141649.84968595376
702,155431.67687645354
703,91157.35375271866
704,300052.55190898024
705,343870.51098097325
706,168619.59194852068
707,97692.25393995925
708,69119.15334017889
709,316826.49569365
710,497627.9440730489
711,174184.24428575148
712,235543.44844200485
713,163626.98092987863
714,187729.8804301113
715,497114.2730468594
716,112266.9643716433
717,108218.17796256738
718,254760.78792538674
719,91001.18272738847
720,110637.48289327823
721,223471.69345882937
722,57090.26992757741
723,390490.56958003953
724,158570.15098743964
725,410982.0090301608
726,113257.26858886125
727,159391.07000244438
728,349324.3096807995
729,332374.03685429774
730,361453.8777544958
731,141272.05636694696
732,218516.0039901351
733,421704.24949186516
734,207904.98977659256
735,101625.61316120248
736,199070.76203717108
737,148508.07542169455
738,180586.78538826067
739,132453.3052831043
740,125568.94343435482
741,134258.87592903821
742,491375.9771191843
743,489651.9958654461
744,79015.10075971001
745,205857.40133979716
746,371439.94250795944
747,194747.22548484107
748,177513.10613582435
749,81910.69028083532
750,194306.52746030677
751,204075.69777177265
752,147876.9652496578
753,139539.5553813869
754,93221.49057489364
755,213353.30674177204
756,91268.5991403467
757,114018.08974694624
758,139871.40493819362
759,161036.28354571326
760,164383.23292725574
761,95226.9488985015
762,355481.8509063845
763,133517.22100966057
764,137144.3192402494
765,401735.6266237156
766,128955.75661932798
767,115905.00354523037
768,99090.09009613472
769,258903.90193191887
770,90811.21140466859
771,113858.99833421307
772,164211.32173570586
773,120442.84485916937
774,47314.741198624164
775,67994.39359490594
776,222196.6612555105
777,138716.78720235918
778,171276.0393814376
779,294317.9900848325
780,153705.9405883085
781,105418.67084245071
782,149545.91244883114
783,174290.85180449014
784,477737.4986871327
785,136702.97747277076
786,126354.17482559502
787,274256.3125401321
788,87538.49924725137
789,131495.18919654802
790,72385.84631469377
791,128253.7222158332
792,123084.32757822717
793,151890.10761861008
794,143439.01047340425
795,210294.49210505505
796,190927.41741583362
797,253247.9000284013
798,129894.02334429599
799,84378.08513169494
800,185054.64393055683
801,204521.57096250544
802,193667.72761344502
803,240727.3727040907
804,163324.63427565293
805,190687.35244979124
806,92489.86624238055
807,244543.72542985948
808,173795.59774522195
809,379491.24266027636
810,108062.301049888
811,268751.56883016735
812,111509.64881151084
813,203492.52737254123
814,93916.05386464593
815,180426.545611756
816,317053.7190323168
817,133337.13564265263
818,487641.78886479454
819,140093.79913383338
820,121856.81532979682
821,189624.3325977236
822,228517.83482697952
823,68545.31662515298
824,185518.2637835513
825,345366.68934859603
826,155973.7212731044
827,222849.8357013028
828,86639.05141992279
829,236787.6383998616
830,396873.12631489255
831,298823.2513446504
832,95254.4578479178
833,91102.29618716764
834,258537.33418780996
835,111830.67286228674
836,101472.12946703496
837,152652.2337139784
838,191607.23486943546
839,65243.80944647483
840,121432.44692389549
841,123660.06073388859
842,293619.3828155092
843,219250.11500385765
844,298228.478509323
845,124376.15514936666
846,198647.44351921146
847,376200.9364150444
848,182640.25391075725
849,135347.05021164427
850,192168.2243444627
851,337769.4814878
852,103408.62202934235
853,95281.18235729355
854,77942.75018136846
855,195833.45560773063
856,130633.14881759557
857,67066.55745021286
858,421056.7972565079
859,443733.1642193302
860,58220.59671428619
861,267429.35216412233
862,485476.3386206793
863,164599.5862084822
864,282521.1613669616
865,116641.95536672972
866,270207.9774140783
867,497179.91591885284
868,456226.35106077633
869,105980.45612507386
870,193809.76302915838
871,310862.0999277761
872,186055.73039813509
873,301029.7830889231
874,180126.51443078677
875,204071.2252139103
876,119486.2932641174
877,415010.787727879
878,115448.30270942273
879,233842.90258643823
880,167650.1601541393
881,156087.49418398523
882,67454.81056525066
883,213784.1496405336
884,75450.0391043353
885,325760.10820860905
886,272412.672031898
887,111240.72299400513
888,218648.06701997228
889,347714.55776330864
890,199342.6662378524
891,136694.24643771746
892,438748.96077140915
893,95784.60262777173
894,212797.83062709405
895,222158.39173340963
896,70987.27551842737
897,160962.89888347467
898,322952.58653428784
899,278110.0236655525
900,291062.96716538706
901,66299.5190819058
902,77515.33419180955
903,293279.3514036105
904,82608.55114818142
905,256423.89822421875
906,55214.037449127354
907,136003.79656528498
908,133238.62469426327
909,179006.75509453568
910,202714.20346932756
911,273067.56607709033
912,350580.6179292031
913,164486.08170705955
914,240404.45704231155
915,155021.44536936615
916,152610.97285697557
917,280573.70224675746
918,181198.8223242917
919,205561.70886183466
920,197765.6556251901
921,99944.46955606191
922,138502.90407938405
923,226805.81039093406
924,85776.96986931807
925,117389.27787945779
926,159099.32390430983
927,507693.9517758415
928,137012.59878443056
929,116938.21223364836
930,248296.39298072862
931,133421.93843225727
932,120152.32591672374
933,201572.13493517644
934,139525.24695827224
935,355143.0412291045
936,495650.17555558076
937,192829.16583468797
938,145875.8059807774
939,165334.51148159587
940,165463.0021374644
941,172453.7694729534
942,296172.4559991645
943,222537.89403112212
944,214781.64252633028
945,355452.7667519068
946,380187.62444790266
947,151417.29060457234
948,189029.76274884026
949,194459.5331776288
950,148358.50942710496
951,225657.61540199007
952,161600.3003280179
953,207339.81298230778
954,436311.962532807
955,122885.62863233876
956,84802.64311291742
957,187214.6523472965
958,142478.2921648174
959,142826.51479197852
960,315555.7880923656
961,200400.25971590026
962,130286.04703384977
963,351045.61887947953
964,170486.80798177596
965,170123.46951722173
966,143029.50801208144
967,96592.51229599581
968,213700.5833113021
969,119078.45561946479
970,234007.7430873227
971,209221.50480124287
972,445087.6788825381
973,53399.58635053135
974,375043.56624036096
975,70622.44059272128
976,229919.12582271372
977,143299.25735175612
978,205359.6223681646
979,91702.38052199001
980,69499.53891312264
981,94553.15980536932
982,290513.1423011787
983,128697.55480559423
984,156473.25026399136
985,171376.7790029628
986,152715.39613004655
987,286621.530005365
988,363054.31198246696
989,291380.73362693185
990,112162.84905125872
991,283007.4651945729
992,426938.46820847114
993,526764.7211720644
994,81582.08168095762
995,382361.64864701417
996,201226.87192793863
997,166538.35574177178
998,129146.52339632752
999,121266.74807170291
1000,108534.17269455988
1001,432968.65710670955
1002,158783.21380640683
1003,228076.1922078152
1004,225056.23068451684
1005,190457.8458022506
1006,188177.72194520265
1007,159377.75403265542
1008,153038.72860482754
1009,70019.46403353583
1010,132591.202997543
1011,107967.69747333074
1012,60091.19016616591
1013,114661.82581466164
1014,162791.88857016515
1015,230577.19634046117
1016,171707.50048837397
1017,182878.7805291302
1018,303081.8153918598
1019,204814.517081405
1020,272795.7893363909
1021,109324.16294888133
1022,101170.57446608678
1023,387412.7169109623
1024,210067.2823548775
1025,192079.52912416766
1026,229785.72747261336
1027,254602.75886560167
1028,171971.86620669556
1029,138579.3134691246
1030,240553.74426361494
1031,293770.74939821544
1032,173977.68275859117
1033,169072.92295083392
1034,94709.29090701458
1035,124788.98793617729
1036,94807.49676069521
1037,205125.64185218493
1038,226281.71602167335
1039,164287.54681129946
1040,155610.1204586918
1041,265763.5893838235
1042,265933.07603167323
1043,160494.98006411345
1044,159892.3794917753
1045,421548.9891550945
1046,230228.86037640064
1047,143192.6776511319
1048,130296.50867857262
1049,80254.64261518922
1050,360642.20482365304
1051,244578.87763867187
1052,144220.78029795343
1053,341536.07213273656
1054,188361.68174261335
1055,268381.3882480428
1056,245362.66987194994
1057,292409.0526304359
1058,97852.19840853322
1059,54201.30210523968
1060,89587.78521754248
1061,223918.08551424372
1062,233846.6045852527
1063,85978.30959616916
1064,155135.4417911532
1065,148036.8268687444
1066,126436.88049146444
1067,85843.49127067754
1068,120742.96775670898
1069,130225.89124927358
1070,81530.3415409755
1071,251644.76443915244
1072,73469.43376910253
1073,119142.0312782962
1074,312915.59630060114
1075,105215.08021742078
1076,104394.77858401445
1077,146695.88077844345
1078,173714.23052695036
1079,128357.40504594432
1080,289803.6576410983
1081,127427.60389449507
1082,163294.31784359284
1083,282149.6840445121
1084,54091.58636562017
1085,236532.37583626248
1086,179216.26782499172
1087,186133.65856982244
1088,134554.30248256496
1089,162165.3169209081
1090,54795.87367650552
1091,102930.35642759074
1092,142035.66296672932
1093,226100.63666223673
1094,165709.82226093943
1095,129442.21494152631
1096,143035.32381751432
1097,82768.23381395235
1098,232921.35929921464
1099,154901.69291790368
1100,184350.03242423994
1101,140683.13234400173
1102,330372.1497230122
1103,152685.75901546204
1104,416587.3487125833
1105,86326.4589731065
1106,133751.20610007062
1107,130280.60915589961
1108,129905.01303906729
1109,253805.4920317888
1110,80428.03669041324
1111,165009.37302241655
1112,225811.65248549375
1113,195813.60580565565
1114,323386.70576577564
1115,169308.08244687202
1116,131670.41298910358
1117,144671.9582542639
1118,90979.14794543122
1119,143550.98208741657
1120,377499.5855776383
1121,224751.59594133846
1122,156458.0108022152
1123,130783.97078019095
1124,399248.1237533524
1125,138381.0414111658
1126,139848.1687123063
1127,163602.5664602402
1128,156366.37974492222
1129,292887.6252047191
1130,152845.60450726215
1131,149033.7578639494
1132,167438.98645579963
1133,143643.64143612367
1134,445238.76397742593
1135,301797.4566294172
1136,379880.37316475494
1137,146511.2228168748
1138,108942.56548384638
1139,266912.1390483038
1140,196183.82164670946
1141,221657.4904690053
1142,144187.65055163045
1143,89818.57204470069
1144,143164.69306085605
1145,114361.96075578763
1146,220443.28048717455
1147,234792.3380714623
1148,312529.9100643352
1149,76675.5007920583
1150,510949.89147892874
1151,343644.13826654275
1152,145751.85725410882
1153,145998.32566576154
1154,90104.7959289555
1155,218455.4802428727
1156,273976.14841684117
1157,204387.50200853954
1158,123020.46134803993
1159,175286.84854079568
1160,240093.43992055545
1161,143123.32792420968
1162,105602.48509810319
1163,318971.73165783717
1164,142227.75377615687
1165,158727.69093728758
1166,255447.3953873812
1167,90454.05942899363
1168,172443.38166917523
1169,309142.9202871417
1170,145362.29864097596
1171,149209.61460601422
1172,312347.28711963
1173,242030.9896898616
1174,262267.5893094374
1175,62836.876737195416
1176,385255.3304653405
1177,326476.6838550981
1178,204286.43624160477
1179,319431.8993018266
1180,63533.213669326506
1181,247537.67732642675
1182,89461.29961500803
1183,361132.22253778926
1184,363736.49022997066
1185,128105.91613331481
1186,278476.08561192447
1187,166780.46843884152
1188,207727.62524776888
1189,224118.2199949942
1190,255668.74245559837
1191,261325.12278989493
1192,289078.31767244235
1193,198661.9854417033
1194,235390.21663439987
1195,247222.68518579745
1196,160700.9460709287
1197,219150.94949594844
1198,106681.23708947231
1199,84211.58359794469
1200,189229.7949947294
1201,186506.88378861698
1202,260092.90963625695
1203,293557.96781045
1204,180106.4005773104
1205,115120.64085015487
1206,198486.83172146062
1207,229345.6119703724
1208,175086.26824437984
1209,76302.14269994861
1210,187181.2715551657
1211,214518.5576440717
1212,150927.1177650889
1213,211406.04912393758
1214,104742.79016674597
1215,334900.88259006233
1216,134111.17466272105
1217,210129.05166241367
1218,109201.88417764333
1219,99800.71218556548
1220,138594.7252282852
1221,165396.88387343354
1222,565282.556268187
1223,454902.6089129095
1224,266210.815222834
1225,217367.5794893437
1226,197762.97933435233
1227,178982.3597362402
1228,106240.89975828349
1229,416378.31465387315
1230,167662.66669014323
1231,92819.21546012646
1232,240135.79025169867
1233,128370.92437246384
1234,224491.7029613851
1235,519188.0484467886
1236,388980.46439591143
1237,218630.8554566704
1238,284420.334563388
1239,132808.73698441318
1240,253897.5992260978
1241,231285.4049933672
1242,238546.84701338128
1243,112253.38377975773
1244,353166.4119351952
1245,207911.6374439687
1246,255556.78477860196
1247,101148.66917803859
1248,141004.37131830782
1249,206391.34243304312
1250,98726.91072993258
1251,310005.5087633641
1252,164608.80775913794
1253,365791.2332892865
1254,77691.59840043484
1255,250098.506196916
1256,311620.2194463934
1257,76943.52436867816
1258,140422.85923172353
1259,166388.49269121385
1260,140456.4012975472
1261,241197.26743450834
1262,372452.2819334648
1263,494569.86515407445
1264,486584.47241271834
1265,324568.40010521485
1266,238175.00009290912
1267,220324.61864439407
1268,186139.03881634015
1269,173001.19893395744
1270,109787.95880294945
1271,199620.89038283497
1272,148833.87439886277
1273,423824.0860205605
1274,111225.75012798606
1275,174387.68781785868
1276,249902.99960585777
1277,351019.8262854056
1278,319252.3258929881
1279,149710.32172341217
1280,111817.61618227066
1281,243081.60404792224
1282,78432.7401991268
1283,241081.12702773002
1284,65883.89027684319
1285,354134.2610689838
1286,213484.04999517227
1287,160720.42205003934
1288,132256.35895988718
1289,349176.33168370556
1290,90746.54432796479
1291,180253.98559435215
1292,197108.69251313942
1293,237541.0314475935
1294,337924.13317584316
1295,126088.89287285019
1296,231845.39293433307
1297,150702.0017468435
1298,265032.5354848042
1299,247451.8709722188
1300,366478.94764772337
1301,217639.1591964289
1302,158308.84444867246
1303,197871.30007286597
1304,256388.24964537213
1305,258803.57370110016
1306,146281.15890263574
1307,262318.9345488575
1308,316778.91971997084
1309,148465.749125505
1310,71814.48469214293
1311,319748.4733070142
1312,187245.61947502862
1313,151870.51035249722
1314,428358.79391158134
1315,316540.80656543665
1316,131548.49286292412
1317,69201.70622874625
1318,134328.9355568978
1319,78621.80687623537
1320,307768.53514081484
1321,144213.8715846205
1322,314388.8549449047
1323,155580.60773571586
1324,61902.504337723745
1325,100833.11294229305
1326,133859.43893384782
1327,152970.80232607623
1328,81833.10293641628
1329,229648.3597272776
1330,147808.28875788732
1331,238211.78771943084
1332,506418.6666589586
1333,499628.4372278839
1334,155223.7394248415
1335,91422.86419658067
1336,210048.86408038466
1337,329413.5411194231
1338,145520.90781142845
1339,160800.83185968004
1340,115299.20910238162
1341,528502.126565953
1342,192602.45117080744
1343,241053.80494594498
1344,183240.89408391202
1345,68272.20563693871
1346,486092.5628910342
1347,74268.86425543533
1348,119337.40278105957
1349,65539.50110456362
1350,238849.47612183995
1351,72780.44113005197
1352,160729.39185417313
1353,109176.93957671121
1354,156385.5398083951
1355,102673.3536199346
1356,233940.13029332922
1357,255358.63056673532
1358,346193.94930856256
1359,76078.51073291012
1360,212518.18968095005
1361,307475.5579371519
1362,341089.2644700144
1363,184177.45804127617
1364,256124.8353532638
1365,190743.90275899298
1366,73782.59697037048
1367,271353.22639288486
1368,165481.22671505468
1369,163401.27401075853
1370,306164.62239501625
1371,70977.57592154964
1372,175156.1912320754
1373,175574.16126130952
1374,153181.96352989058
1375,361037.77295768884
1376,54272.34255876919
1377,104942.53443086788
1378,86409.20491396719
1379,156699.16862286575
1380,96036.32245804458
1381,217854.23559839503
1382,161434.0006064798
1383,93140.01792418478
1384,381422.67486594716
1385,465852.0662214488
1386,477714.9062420435
1387,53851.21276627746
1388,380249.9874776608
1389,81000.48540252782
1390,157746.78394087
1391,222829.4823323948
1392,99238.4403435773
1393,95130.46485063505
1394,244013.61473142967
1395,334123.9545997468
1396,132153.80658684616
1397,170759.6154485318
1398,266887.8660098095
1399,118551.49984435739
1400,101243.61893309995
1401,134945.43680810137
1402,98973.04925242836
1403,238338.3808441823
1404,210911.01481404397
1405,93056.85741554083
1406,264237.52141796704
1407,214677.5428287496
1408,103276.49171127137
1409,241782.0226147804
1410,65027.34473248388
1411,426279.06012831925
1412,107973.94058321722
1413,204042.50635721465
1414,133692.96175804042
1415,105498.54559704215
1416,135033.02321943158
1417,110668.07265432693
1418,324415.8106651254
1419,85709.15002614287
1420,176499.05612548112
1421,335788.4580461771
1422,193744.5119993526
1423,253242.95282182284
1424,358887.3863882692
1425,415942.4105488021
1426,156787.8543523858
1427,155195.9047922659
1428,112683.11647972937
1429,368490.5845521516
1430,255054.0857205276
1431,169000.94712161188
1432,109105.10112975449
1433,243131.78610979018
1434,419522.40268734074
1435,233874.9714262381
1436,81677.12569285631
1437,125858.08305542148
1438,259084.20244863242
1439,350984.1068143154
1440,225831.7829518523
1441,63510.60310383621
1442,309488.4579564002
1443,299569.0924215233
1444,115852.89468610565
1445,103049.62518307847
1446,285859.95109394164
1447,119929.89822129454
1448,166097.4920511467
1449,188565.48195947238
1450,76368.52449432813
1451,374136.9678067526
1452,301458.8576630469
1453,187213.21414100783
1454,100677.36676982598
1455,154128.68463566422
1456,415465.2072357184
1457,326676.8475952487
1458,199654.59128668095
1459,77070.03958514876
1460,245707.82713450064
1461,137669.82078175063
1462,165504.3685316996
1463,163672.26875338104
1464,237929.54141671146
1465,184745.22722890365
1466,432143.36736197164
1467,163344.6676520725
1468,367935.6486949582
1469,315613.14773491636
1470,312117.5484544265
1471,202738.31480631
1472,467775.3934817214
1473,118337.6249576558
1474,268243.6985488753
1475,108399.34021545148
1476,149309.79428724572
1477,217895.41886618614
1478,110679.6292577699
1479,184352.99255149328
1480,91041.13404590177
1481,115119.06770122598
1482,154380.0839705672
1483,132992.4060529198
1484,99968.98361597267
1485,337447.5830081897
1486,292179.04484377464
1487,438353.0454431245
1488,429690.25699310214
1489,202136.59946703765
1490,284512.38134976366
1491,143346.29194804185
1492,106542.271387689
1493,162905.33003425645
1494,240218.8707129009
1495,103536.73493586085
1496,72887.56584201244
1497,191544.57295612482
1498,57236.41379081053
1499,178380.78761432835
1500,90890.94906183866
1501,126539.0629820937
1502,336072.92392496445
1503,67706.25416249974
1504,207843.58634003243
1505,87006.44129004594
1506,248286.01634151977
1507,343819.65834898513
1508,297016.3483869377
1509,139532.61787355115
1510,109448.8605714541
1511,416867.9562160622
1512,184261.60604335327
1513,423074.9353129268
1514,189902.30189364828
1515,205815.36204536288
1516,280950.7877647697
1517,80766.81119815569
1518,201689.33787964866
1519,111909.25502578853
1520,251412.94080343455
1521,155500.91215626732
1522,218837.96750710745
1523,273338.4885795443
1524,82846.46336120852
1525,276637.593543991
1526,137613.02196366
1527,169878.73321075644
1528,114707.0437165058
1529,127233.72613937756
1530,227917.0164368253
1531,230627.47874779376
1532,90586.05613131441
1533,244150.95243481337
1534,261682.84987750874
1535,310582.5388623437
1536,313996.9105067299
1537,64917.071720029955
1538,75727.43901084116
1539,82019.64188918669
1540,187434.50791159557
1541,208441.92918281432
1542,101686.72607666721
1543,169385.1709221156
1544,215364.78945814437
1545,215961.59499938908
1546,201798.80626282736
1547,267739.00206720084
1548,83841.79488630003
1549,390708.4746284373
1550,269581.4487758214
1551,374807.8309539282
1552,125327.57749196842
1553,508525.35509062035
1554,140339.11175609392
1555,185630.90454237608
1556,345384.5597867336
1557,146270.42691674526
1558,360131.6225079087
1559,80285.34560841227
1560,332935.2870141837
1561,237600.86504118252
1562,143168.96955554714
1563,299858.70829250675
1564,210120.48032817803
1565,75070.30145376301
1566,113171.2383631007
1567,127619.00247828104
1568,161362.37161888316
1569,196701.32603196954
1570,429857.1795140401
1571,79652.55937373688
1572,134781.74901748542
1573,169383.41560327302
1574,227532.2035472956
1575,66821.91970102294
1576,59006.76011291731
1577,201687.92690811906
1578,140124.65985736108
1579,281049.326369309
1580,137829.73011994068
1581,124104.806494191
1582,48212.53289377919
1583,147557.06551367842
1584,274222.365654836
1585,231147.51917858497
1586,158283.66890031396
1587,339856.99757681857
1588,268244.25439828436
1589,267800.4752785916
1590,243999.11990101912
1591,518059.5782707223
1592,92269.73342663875
1593,151062.36581909301
1594,159327.27343188116
1595,96643.90262693822
1596,129473.73695101819
1597,162692.79567636424
1598,484896.4046956478
1599,351749.98753707076
1600,166163.825261276
1601,231796.26148248324
1602,110071.61734755621
1603,230766.4737512401
1604,210999.09524775826
1605,78994.55241037239
1606,124779.23541584313
1607,116562.8285578909
1608,140834.633029289
1609,343586.17504010047
1610,161608.18254784402
1611,111448.24671368978
1612,304661.58493084623
1613,225224.07540216603
1614,97603.85738116186
1615,111680.04240688619
1616,386473.31883185025
1617,213107.62909347817
1618,307784.8254481485
1619,165255.12659268445
1620,95375.74561537245
1621,515377.0071369818
1622,258780.5664606433
1623,142714.90009044978
1624,82336.54313048303
1625,117107.98397725794
1626,66195.88954246792
1627,153884.7961341615
1628,290765.911673519
1629,158620.91471697393
1630,506818.8612134364
1631,297991.8094815605
1632,160666.80808780523
1633,254007.08650230005
1634,178359.34417012273
1635,190279.4322023491
1636,196538.9203481434
1637,467278.830781557
1638,195903.6367360541
1639,117798.69078404961
1640,99519.96004266258
1641,102062.92023918309
1642,182171.27841494294
1643,269907.38192049565
1644,194772.03730718823
1645,362221.6478129781
1646,156478.83424584605
1647,163706.66928158986
1648,141409.71455979784
1649,184942.73448448413
1650,283398.5297400096
1651,98571.93864202814
1652,264879.51769948634
1653,134654.189758947
1654,173802.9081754653
1655,142263.98242230047
1656,194021.82377338057
1657,191906.41090458876
1658,365851.93716108124
1659,191557.52068325068
1660,154312.15485321922
1661,147460.27719252865
1662,398757.1336533362
1663,217482.2277523511
1664,147493.95760618665
1665,284843.7395272412
1666,305188.1291335778
1667,229997.92899296986
1668,313566.5367765146
1669,184935.66045692016
1670,117462.396008094
1671,302803.6406256784
1672,455563.41892182647
1673,104261.10043898711
1674,101483.38862524692
1675,180473.7108440059
1676,170246.6040175436
1677,323562.20699252887
1678,128213.77927299442
1679,170464.39891576598
1680,144962.54497051024
1681,149346.32124509464
1682,219558.790032142
1683,256826.39959698546
1684,307904.7230353669
1685,394475.499732232
1686,50948.54003799174
1687,352006.2826541581
1688,340529.5608225102
1689,125185.55474285437
1690,117775.5305552818
1691,155555.99848317672
1692,104018.77252504286
1693,153516.24961984713
1694,262912.8985271936
1695,186138.10886037195
1696,127850.21212612935
1697,188813.11721870743
1698,208844.6057424713
1699,395051.8514733772
1700,208672.51072161962
1701,67322.47478074793
1702,140968.8010275585
1703,252694.31326535926
1704,256551.12340495185
1705,190998.5601366213
1706,215596.0873512157
1707,130779.5617525708
1708,244463.0361168126
1709,202219.46600987847
1710,91333.49495010532
1711,352914.76207161375
1712,399069.04932342237
1713,167348.86176293396
1714,174998.22212189215
1715,399120.7382618141
1716,104343.42550557622
1717,248575.06488429918
1718,138328.95736402765
1719,379972.34570674563
1720,102864.63071347163
1721,230460.5497365291
1722,129145.11813454129
1723,374973.3125686839
1724,94348.57987317428
1725,136132.5979088599
1726,112014.05515848935
1727,233866.13147333654
1728,211208.46627383216
1729,232923.15161381458
1730,201347.1111081857
1731,199623.70959296825
1732,256736.7460417294
1733,160912.66564115763
1734,66355.32886928742
1735,266385.42152304226
1736,373102.53951668553
1737,60210.867533737124
1738,78933.77394047887
1739,95336.74623472586
1740,298252.5446637756
1741,180210.4600289363
1742,441753.66751109355
1743,180457.61604575723
1744,227578.10955423207
1745,139832.81900462968
1746,156254.33057505992
1747,230532.25667956594
1748,88788.86580272969
1749,192427.92728810658
1750,113369.11203927392
1751,248333.00923546997
1752,114133.41893742797
1753,248850.75879053393
1754,99023.30533162852
1755,271368.8459229473
1756,210013.3984598174
1757,329938.53579962696
1758,458206.55698024353
1759,206913.27614851383
1760,135774.29130636482
1761,197115.146134825
1762,221111.252108966
1763,139468.08234685787
1764,388844.11107165134
1765,269107.3306663602
1766,194055.83583363087
1767,220309.68141439758
1768,305749.2623354045
1769,173966.9908437833
1770,124060.8054399966
1771,72688.75724370286
1772,214960.29415202836
1773,92271.59060174484
1774,255237.31542040213
1775,430407.3800586299
1776,145626.2970343277
1777,74820.6304024932
1778,151966.83889255818
1779,208105.65138346667
1780,118338.30222761822
1781,145899.91414670198
1782,185391.35644139
1783,87064.5633839537
1784,226762.20569462623
1785,131767.0840317335
1786,109170.44168439662
1787,59488.23060749934
1788,239728.97598479522
1789,246860.9133258835
1790,187355.2417513734
1791,228789.74316804452
1792,409218.3387231948
1793,267425.99220541737
1794,160696.39221078574
1795,298990.9129437613
1796,192793.5701817054
1797,150188.63992122776
1798,132155.55838373242
1799,173877.08291670895
1800,418810.97625535564
1801,127381.93252244106
1802,80861.24604484686
1803,95496.21444218782
1804,515027.2250080417
1805,279421.9300065141
1806,428223.42028849863
1807,186885.9225635808
1808,107499.28623518202
1809,230426.2688431691
1810,315402.002054669
1811,356384.17056944617
1812,245059.92900311956
1813,164536.1611428605
1814,164284.46730679646
1815,112183.64754563084
1816,83850.61962645168
1817,438363.7513996876
1818,87261.26889797425
1819,84600.30302217927
1820,92228.30615951592
1821,120035.97376631972
1822,154590.17614687074
1823,167533.2767674827
1824,299810.88447463315
1825,145503.5296604608
1826,94274.72473708278
1827,87118.95543269011
1828,374124.41116479726
1829,81126.9002588657
1830,153003.285843068
1831,166183.61283357497
1832,100098.83531558079
1833,86338.53594509575
1834,317634.3760823405
1835,232423.87920554297
1836,366656.24894049804
1837,107435.32829269176
1838,157011.77868433323
1839,126436.41837353517
1840,187759.51426489535
1841,500867.7767609815
1842,264996.78467277484
1843,334357.0272410147
1844,147645.72985160848
1845,280236.3011790062
1846,394233.50572415616
1847,275637.8811760943
1848,114414.50937954646
1849,86782.95489134113
1850,296844.5431228564
1851,104687.26387498506
1852,118333.93584736146
1853,222410.02685253034
1854,121158.33470060088
1855,234174.58165119524
1856,255118.07586234267
1857,254742.3842897536
1858,178808.17929905278
1859,378605.66360556823
1860,239920.4243184056
1861,209849.5404622816
1862,174657.9041957754
1863,356238.8299463368
1864,237713.350357216
1865,340906.5879542091
1866,358141.63900660904
1867,122202.832620649
1868,128145.24233968608
1869,205170.28402880885
1870,438669.781920227
1871,177372.41133417757
1872,198602.1459759163
1873,172108.50290391536
1874,166727.06338589787
1875,290436.66860049363
1876,256915.4235898282
1877,147938.6777872984
1878,88253.48518755934
1879,69131.72942357723
1880,132124.9224059955
1881,240509.4293710363
1882,175247.19189069796
1883,238860.03748678305
1884,74339.2523462011
1885,250280.12956644522
1886,107168.29935845613
1887,156197.32008939137
1888,170616.05045965174
1889,402942.35581538035
1890,216738.68346373204
1891,64095.76982463646
1892,237601.38378629458
1893,229618.39197176287
1894,114057.42634520576
1895,234526.0034374324
1896,146633.5694525465
1897,216697.10496857952
1898,183338.65448573133
1899,123845.39973512158
1900,302393.5772915253
1901,68405.6431175399
1902,237861.37025894466
1903,509802.11408188834
1904,59339.66623716775
1905,231913.67779337429
1906,97678.03595647446
1907,186142.7656586838
1908,312573.1641021335
1909,331656.28915741784
1910,154745.1802035055
1911,157925.68251263752
1912,140033.95186755148
1913,134559.24672209998
1914,96472.0572753767
1915,102676.56539349047
1916,124460.48745090532
1917,185473.79480944262
1918,199930.76552012403
1919,271512.7258929051
1920,195454.14394728764
1921,107128.2587590662
1922,158191.4522971989
1923,179424.7689440784
1924,196265.25681051344
1925,486370.92196401383
1926,138402.32726584835
1927,153740.55290978358
1928,440568.47754541493
1929,127445.66874061167
1930,122737.07872432738
1931,53367.899176528736
1932,100007.38527817099
1933,268347.9699081354
1934,183837.35781592346
1935,92818.407998232
1936,185221.1470235061
1937,120410.76637862898
1938,139512.4873642756
1939,91760.30360689486
1940,441692.29975407256
1941,103407.4548595786
1942,475281.6529461395
1943,391034.8513724165
1944,161967.0530622019
1945,332126.0484538191
1946,158637.24346959314
1947,108208.96703441339
1948,127252.66149934009
1949,58313.01876822559
1950,110344.77763639457
1951,217425.9590019588
1952,70085.53391930516
1953,245081.65228955483
1954,105061.57980253575
1955,331752.9536118293
1956,183214.2304366527
1957,139256.60269002762
1958,155670.06887972946
1959,59357.420661404816
1960,129933.37208924908
1961,296762.7861745975
1962,271962.25803576474
1963,150299.5594085544
1964,180459.708857892
1965,158993.30867851226
1966,299117.2972873001
1967,128637.48761958476
1968,227913.8251802355
1969,242350.39636868532
1970,133939.33477295257
1971,181032.87468582837
1972,152006.62795309533
1973,239908.6220062107
1974,141734.02690968825
1975,169298.36656597067
1976,252215.632541151
1977,191449.77380144421
1978,493047.0725100136
1979,250937.8625111134
1980,113734.41599233725
1981,327552.5511555369
1982,204262.96289636832
1983,214594.6545021236
1984,137807.83518188595
1985,63841.777264892095
1986,348619.0187456851
1987,323483.8863636874
1988,395160.1986728704
1989,319947.5084139211
1990,138465.73968604195
1991,188098.7122876697
1992,70556.1696417307
1993,75255.75532512763
1994,182255.9931842798
1995,199231.78790029988
1996,230501.71247604562
1997,441402.14213933283
1998,227669.6447872232
1999,489919.4042806727
2000,70822.74653238137
2001,96824.62301415819
2002,121907.8678571673
2003,75201.18703534768
2004,209089.2497811032
2005,217261.19550050877
2006,113945.43835575486
2007,267605.6832132633
2008,112380.9282425198
2009,151441.576772917
2010,164687.67939608253
2011,374148.59782589006
2012,102192.02086967227
2013,59967.150462487916
2014,419798.51261122327
2015,134849.86380361204
2016,116996.84476716911
2017,139698.6731064492
2018,111523.56387369355
2019,417952.8903109325
2020,176784.91624495687
2021,107455.839341651
2022,99231.91814392491
2023,358789.5164554692
2024,75794.18109159751
2025,156114.08624396325
2026,424517.65901012707
2027,261972.5146690772
2028,41088.45194809922
2029,225789.01219656217
2030,95880.2694902799
2031,169524.9643830943
2032,383572.1977877484
2033,164097.88244424542
2034,210082.5323360357
2035,205173.48148613426
2036,97998.92933728926
2037,217953.33096899162
2038,187291.82274056278
2039,122699.71408829847
2040,160904.42687031487
2041,325431.31340402947
2042,182616.72141289295
2043,219693.7035098878
2044,101467.56714022603
2045,219471.56925852122
2046,218335.74754781628
2047,256634.69302612697
2048,215628.36975723528
2049,126280.871985995
2050,181143.98492224157
2051,290632.29548486974
2052,432071.96447422705
2053,103341.72254785085
2054,121642.34456401815
2055,202477.72295278942
2056,275162.86320887273
2057,255278.81621534599
2058,247101.69820956548
2059,242397.93594823976
2060,442795.7975506233
2061,180040.74253626194
2062,60238.10282351202
2063,166300.800559313
2064,208874.31000694638
2065,85157.63737480801
2066,256471.40877885255
2067,125498.39408194406
2068,188101.9809106494
2069,371002.1033508687
2070,158931.14709904807
2071,131143.98283625676
2072,162405.403540452
2073,71157.98431060539
2074,475924.4644719223
2075,237309.19986605458
2076,234474.40909148756
2077,257037.4319484962
2078,187406.5379350776
2079,168260.09903122368
2080,402423.4788292687
2081,212074.08283606303
2082,399516.6793165961
2083,233045.0077757351
2084,390253.63784136256
2085,112844.74541432479
2086,67144.51965395466
2087,479590.00969802646
2088,177052.08122163574
2089,504751.35781613895
2090,229781.15966927714
2091,226514.99693196474
2092,74589.08124256093
2093,123956.52705433848
2094,159223.56721373246
2095,179326.2346495274
2096,238818.70435827403
2097,160669.60141045455
2098,151617.6815459644
2099,204551.30867445597
2100,275574.491439179
2101,79676.42598022576
2102,258425.3321540728
2103,199392.74855889755
2104,91276.08533140413
2105,139582.99955065927
2106,78348.19834635349
2107,134494.34718422056
2108,159947.6578193627
2109,199953.9332957209
2110,101514.472458728
2111,79702.50804133563
2112,261715.85884376278
2113,277041.2258341509
2114,382504.21493590623
2115,234451.37926005674
2116,156419.8353763884
2117,134945.39599170815
2118,170990.90401800117
2119,86052.92769832052
2120,160098.72833573955
2121,118613.15387737511
2122,355222.67042750353
2123,206894.35641576568
2124,260089.37053189633
2125,212345.61521479752
2126,176476.02020589908
2127,222970.39750930874
2128,126150.01810442694
2129,238582.39723417046
2130,129015.27499648015
2131,214791.27549920738
2132,214419.97743953438
2133,237064.49859723635
2134,259901.76820826248
2135,53516.926382987585
2136,309641.89334706235
2137,220073.31591049285
2138,149188.80517050799
2139,200376.5204350861
2140,269307.6044551564
2141,286818.832435729
2142,58856.55085018251
2143,105879.36452241012
2144,220362.40994266878
2145,272514.2621307105
2146,196263.59639443757
2147,165910.64466421693
2148,63935.60980967534
2149,94254.98529173671
2150,185910.54002878483
2151,72902.84613885483
2152,162652.17355178707
2153,235574.5141061254
2154,241498.70117092517
2155,49531.094824868516
2156,160068.98033765005
2157,111066.61799036509
2158,127914.02891231955
2159,125760.63885126702
2160,183330.62885868005
2161,353504.40644424723
2162,56738.322885957255
2163,149979.99513379874
2164,204432.28786333147
2165,111304.82380807295
2166,180760.09420112846
2167,142627.30719470186
2168,168245.3701585822
2169,129968.04398962288
2170,447627.5735236284
2171,218854.4661627985
2172,171912.30832948594
2173,235265.41692754277
2174,72685.44189898096
2175,165206.31241138256
2176,86632.85260358549
2177,114817.92829411932
2178,175609.137984916
2179,62590.770697375236
2180,144571.66274195776
2181,114551.48036737568
2182,126268.4714958177
2183,137524.4827528713
2184,76144.00144103203
2185,231601.73835312447
2186,165183.76264806377
2187,282826.1587123029
2188,349005.6353868961
2189,220597.64141283496
2190,57287.65184054978
2191,353573.8732050976
2192,265310.2411056508
2193,260002.90115676165
2194,153021.03300791775
2195,218101.81408507423
2196,473398.81999178487
2197,269750.97653678886
2198,263029.0454323563
2199,277914.91905187204
2200,155827.00503708428
2201,358610.33271348255
2202,96068.5771881239
2203,248069.37284237635
2204,156350.6718661087
2205,177543.26553437518
2206,45651.949379697355
2207,74707.582943077
2208,162317.20769368915
2209,187276.31792219632
2210,174968.08634564694
2211,201128.9423868345
2212,75594.10020626037
2213,170587.69072040368
2214,176936.09839662476
2215,67627.64683658507
2216,246887.13529992674
2217,266610.04214142077
2218,137047.82919822016
2219,109515.43079094554
2220,102121.62569694278
2221,117834.46826579193
2222,175464.16776522953
2223,193651.2670501671
2224,166184.29904581053
2225,122792.35839126172
2226,280294.3092872744
2227,324931.41996069084
2228,69309.01175145007
2229,157723.70993567354
2230,144979.12957358433
2231,251465.62286423793
2232,200831.06288708665
2233,80605.53210887314
2234,373441.87541112397
2235,162879.44017670798
2236,497722.8176416562
2237,146489.45183886902
2238,142171.30228431636
2239,219751.23495532965
2240,424984.22870417073
2241,168112.98044781413
2242,207814.43249591085
2243,190327.99454499222
2244,408617.92898750666
2245,151948.6953703832
2246,179394.10771011686
2247,232196.85408826842
2248,70141.16980399488
2249,140114.94288631674
2250,386857.3095836785
2251,199401.32614855218
2252,293340.75259107084
2253,218176.9436808765
2254,185874.84040768695
2255,85198.91310494131
2256,57653.91888058942
2257,134473.1623358477
2258,192886.70708887928
2259,110018.6966283706
2260,201146.5173709735
2261,198469.50959380844
2262,110136.11814257156
2263,109546.1214435919
2264,292300.02013579395
2265,77335.70779177405
2266,166086.7587451536
2267,143387.36631030607
2268,189841.39391427796
2269,520030.0401288132
2270,93878.15576081944
2271,210624.58177995717
2272,231006.90511070247
2273,202436.31005844875
2274,101726.71672506542
2275,302359.93143811525
2276,322480.95565813093
2277,177182.5234297588
2278,127511.87242781364
2279,149817.51235463796
2280,105522.79007608682
2281,211948.71972912634
2282,340793.512638645
2283,527691.5276160251
2284,228313.61412286322
2285,47007.68196061827
2286,178324.70028924683
2287,160124.22476902022
2288,161124.41437837138
2289,248760.22976171057
2290,87584.55938797035
2291,169738.5129182286
2292,107505.13080879883
2293,374267.81681345054
2294,202972.36134583087
2295,325947.4300922685
2296,334462.6116201252
2297,199017.15426218987
2298,291450.8445099747
2299,475761.7212435043
2300,202388.72089998404
2301,179678.49881259754
2302,121573.982260109
2303,287596.674085149
2304,308291.55873364676
2305,213541.52800418093
2306,114130.28370844395
2307,114246.859930738
2308,283021.19982886984
2309,245406.4249662517
2310,148387.4522788552
2311,235687.82319454048
2312,244977.22471454222
2313,461565.57289422257
2314,186003.97649194882
2315,210161.33041945373
2316,276554.8877314007
2317,194142.78346661528
2318,85938.28240996355
2319,198843.05432633794
2320,211017.93383218022
2321,170383.69890380313
2322,141379.34291929493
2323,263796.8105030273
2324,267237.2177724758
2325,82076.68551368138
2326,451929.58533587016
2327,506806.95201339864
2328,248250.08341559253
2329,224212.17278982722
2330,134782.7640316337
2331,191906.23774213114
2332,242025.66665377744
2333,138374.8066613024
2334,47675.501445122616
2335,170769.15161192958
2336,120912.79831153412
2337,473808.06441759464
2338,54414.81005391522
2339,180289.20107208134
2340,94365.21223902615
2341,94546.11362755336
2342,291715.73005930416
2343,235079.61860420168
2344,115870.94957916303
2345,100381.28167523401
2346,118453.04547404124
2347,380819.6036024969
2348,159300.29333237087
2349,180688.62435586253
2350,173499.52923698275
2351,352602.1987701772
2352,246389.08551108046
2353,420811.4370939648
2354,168455.64811866535
2355,106263.64945900763
2356,61759.13507909438
2357,78109.38938801007
2358,206118.76731461548
2359,169711.7218068796
2360,133317.8635518825
2361,449988.2110171926
2362,152933.5649188127
2363,113865.95077487286
2364,286259.97598631366
2365,134548.6358321663
2366,76657.36109683261
2367,207170.18341006595
2368,209535.62707844996
2369,233594.4333050999
2370,305919.8520683788
2371,453535.5918724482
2372,108020.6391055277
2373,167487.51283274352
2374,171259.52013735927
2375,179890.44456336845
2376,87594.4582276974
2377,364457.667722441
2378,167148.94942128047
2379,79041.62303981662
2380,83151.01392307431
2381,427097.1362724304
2382,218314.07612379463
2383,180790.14723495132
2384,177049.844241183
2385,177182.68338384424
2386,203869.20085184736
2387,214711.8427029402
2388,143070.68035158073
2389,311156.80293000274
2390,227222.5167104889
2391,115150.96335350735
2392,119347.42020918737
2393,103808.39473451278
2394,242761.24867319674
2395,104612.59408544636
2396,259507.22799468902
2397,212555.20768532594
2398,174418.97207063154
2399,84527.93185170916
2400,235562.8082554636
2401,109826.14446902795
2402,258253.07030189194
2403,438440.9813023594
2404,200435.24493359975
2405,172412.7680227795
2406,133376.22012619954
2407,307246.4132374829
2408,178056.28158962046
2409,94762.05139766131
2410,110904.49654542237
2411,341319.06474130414
2412,442146.2929902839
2413,250921.5023609453
2414,203145.3859975009
2415,180963.25215126804
2416,255082.14960223297
2417,269127.74487573403
2418,64000.463402653724
2419,87083.13608938635
2420,350991.7282311492
2421,267147.9561503291
2422,433481.18496062746
2423,304170.54813547945
2424,83114.58839585647
2425,257508.65744287116
2426,214458.63710988025
2427,86488.47845649013
2428,146217.1132283563
2429,79297.62686758935
2430,138510.23655454908
2431,200883.63825299242
2432,251375.3889746398
2433,209701.2019748458
2434,162187.4370854004
2435,126440.68781672766
2436,233211.159650667
2437,110815.28051585724
2438,118762.23934072093
2439,251227.02586255004
2440,176409.2502250658
2441,485354.83118998894
2442,57157.76335344676
2443,182982.34802095918
2444,317277.61456133676
2445,92104.92653176685
2446,119797.35770702874
2447,71542.27824516056
2448,189507.50356868602
2449,217543.92459522994
2450,86041.81926133494
2451,80229.51795217562
2452,99225.85370346998
2453,125727.16614856785
2454,243636.99348828115
2455,199076.79523180748
2456,188000.7245741232
2457,136336.65942840982
2458,402094.4910798627
2459,144474.34281850536
2460,227785.3603538418
2461,361765.068278706
2462,46585.4648208569
2463,138517.27616182805
2464,103660.07818503212
2465,105570.63949465212
2466,231487.59371788218
2467,210132.8691175554
2468,123582.59772733049
2469,417592.19152901124
2470,372390.2892305633
2471,248314.8270528111
2472,136835.3755049029
2473,71370.02614824587
2474,211734.93849549783
2475,346907.42028597055
2476,95693.99523225878
2477,99033.68296414423
2478,363810.24530559045
2479,48536.633541143034
2480,162333.78610340916
2481,94542.3118224377
2482,220778.30820335954
2483,166306.60655525402
2484,248942.2716305949
2485,463323.94661989016
2486,281582.321818849
2487,231425.26419325802
2488,340116.2426535338
2489,158918.805908123
2490,273752.11765302694
2491,154344.8943766683
2492,197135.10971098646
2493,231651.15743124584
2494,82461.00736169623
2495,81560.05404746173
2496,241875.4082376935
2497,253576.1485643803
2498,114101.73799264665
2499,228591.44683967732
2500,145165.41333158387
2501,237762.42112650978
2502,295911.3038327691
2503,102740.65983430693
2504,168571.22738150868
2505,56740.7440984337
2506,159094.66058586224
2507,335501.2785311553
2508,282866.9969034944
2509,158129.39929129067
2510,144535.84839323128
2511,370237.1792816514
2512,199277.2209182285
2513,267403.6818871509
2514,165280.75713960914
2515,86463.56844617409
2516,483258.9587988363
2517,102535.93880335751
2518,199251.052890784
2519,418653.286744841
2520,289770.6070517727
2521,158345.8042343004
2522,103874.36729047842
2523,191672.23275511333
2524,130052.02608430096
2525,201852.28837459427
2526,60224.70818859307
2527,227171.74511472616
2528,205754.6517730948
2529,254134.73353335686
2530,119661.13341439345
2531,329573.45911710715
2532,140631.37078575447
2533,110599.54977175374
2534,94277.40981554177
2535,114006.41582195087
2536,410097.1402441544
2537,203958.5544206542
2538,51668.26734938752
2539,92977.88770291384
2540,417859.6026420557
2541,360524.97348300496
2542,114624.05024224293
2543,92976.66284134396
2544,252175.16491457477
2545,359511.8698100136
2546,127814.25888912329
2547,228364.43671676912
2548,379259.7403213077
2549,85363.3079171261
2550,170339.84106735908
2551,208023.45172285536
2552,165303.71342814312
2553,69411.30385111677
2554,224463.8799300236
2555,87922.0379160541
2556,480572.66942268907
2557,105610.64506321771
2558,190508.2931185745
2559,116077.26584170035
2560,268324.3116003382
2561,80062.14134161233
2562,210549.04466656313
2563,280515.76070241025
2564,346988.23757668794
2565,302864.4130820881
2566,238453.82258383173
2567,218776.26532863974
2568,213879.0804360239
2569,169058.7841464301
2570,211271.14962671144
2571,112593.52093020683
2572,62284.972802123346
2573,119471.21667419368
2574,156706.07170489893
2575,219452.40858468672
2576,48581.401384746045
2577,113936.61283071431
2578,267471.9847583937
2579,135132.7816560733
2580,194210.66778181403
2581,300667.3056013273
2582,213052.00836917854
2583,203851.10996326152
2584,332911.2199251235
2585,239470.83897071518
2586,271783.38253855426
2587,385617.8309131877
2588,104483.37623030209
2589,366524.55945468927
2590,294893.0051059604
2591,59693.87914032853
2592,330744.48319850885
2593,182293.4322107181
2594,133202.25237572205
2595,114560.92133000857
2596,101899.77631803857
2597,349562.53455200023
2598,357284.8868510381
2599,175765.99317383685
2600,389155.2081566935
2601,309848.698617875
2602,195978.46850513606
2603,96514.63367334323
2604,357131.09195945563
2605,167477.53213228093
2606,58848.930976802134
2607,514218.90404476936
2608,172523.67778088708
2609,338228.3879807157
2610,236774.19231724588
2611,81374.22218299551
2612,66822.90491752935
2613,172983.99891637336
2614,270549.05446809623
2615,270072.40605047264
2616,56264.82843599879
2617,220205.24662541936
2618,174427.8149093347
2619,298847.1745814407
2620,184485.62673587253
2621,117648.40422950061
2622,66482.72022388756
2623,365135.07848150894
2624,191454.83517537304
2625,160407.0695198139
2626,72788.682225711
2627,186265.4278832652
2628,137504.70327382107
2629,119172.14453050413
2630,392308.9344229166
2631,112746.5768801437
2632,50223.50939110841
2633,150538.96849201858
2634,161266.6700168353
2635,134295.3832390207
2636,251783.15660595687
2637,219684.42149485793
2638,134998.25820677896
2639,78916.24086877926
2640,109497.33094422366
2641,217234.73537957916
2642,56648.52380092497
2643,142089.992960909
2644,96062.63900229432
2645,154116.33700144364
2646,233034.84537372747
2647,153721.97022016151
2648,208802.66960649446
2649,254223.4796013397
2650,214234.66790369252
2651,264398.9969799053
2652,163355.45497476836
2653,212401.4168045879
2654,222873.74777982477
2655,354427.7325025997
2656,113910.86221356654
2657,468599.8410004942
2658,333999.48470328323
2659,141426.2779780356
2660,190156.58930967288
2661,464699.9710505625
2662,97404.57986370323
2663,130406.5622583335
2664,99147.60286277314
2665,156719.28868995348
2666,239414.55929456212
2667,405479.60160305706
2668,178027.6701128788
2669,352467.94266407023
2670,185233.1595291603
2671,125240.39174883724
2672,225182.45043742756
2673,257034.59622767082
2674,216911.88804211307
2675,319395.934360681
2676,71382.13212221995
2677,95881.51578793876
2678,142277.35218017956
2679,96440.44982838068
2680,186311.08698052273
2681,115316.21445643729
2682,75178.42872754895
2683,81006.13041536337
2684,226390.64662919968
2685,259510.93891892745
2686,179452.98749277825
2687,209250.0539954201
2688,155386.12246039388
2689,272000.569189208
2690,185683.5962155501
2691,237358.9075641971
2692,91997.40767250083
2693,215822.6644768856
2694,148519.26023388596
2695,419892.790704457
2696,191893.25692596857
2697,491438.4401219364
2698,58218.45020263133
2699,263614.85468164104
2700,209847.77575687505
2701,185117.68807240456
2702,188271.17386038054
2703,397787.28338508215
2704,57079.159370136826
2705,111644.69742668352
2706,232278.9553891598
2707,265156.04022529355
2708,108896.74723172588
2709,148701.9297824337
2710,104758.1606197979
2711,194583.13496615487
2712,87687.2616874008
2713,198349.7879331206
2714,136369.63898680673
2715,163363.75142938583
2716,370239.2416297457
2717,332096.3472963125
2718,106981.85914172826
2719,184580.2356572891
2720,189352.51216805773
2721,200783.6281966536
2722,443038.84893559245
2723,57583.78650026917
2724,244350.51341267637
2725,202465.32512996192
2726,196443.94001383273
2727,361771.0640446282
2728,108981.01733393264
2729,213646.4257116852
2730,74817.84367653588
2731,319186.2441307609
2732,225384.9381459087
2733,362089.7348221177
2734,202308.45993761445
2735,111054.62994632163
2736,83331.10456265835
2737,136027.80735250172
2738,234065.20191997132
2739,238064.39012257184
2740,334611.3446183561
2741,228426.87496913792
2742,331446.2628519512
2743,76400.84228961745
2744,262011.29003216588
2745,186563.74395501963
2746,95293.56285360518
2747,220650.6844274546
2748,77066.19888911252
2749,180734.44553586416
2750,191352.07332488912
2751,122115.2418055538
2752,235339.08825838132
2753,280448.00836943113
2754,195610.97544577337
2755,334669.3261090563
2756,466159.0243817204
2757,220478.78043607346
2758,130446.88850285587
2759,134909.56335896996
2760,271370.7069895611
2761,169899.11214724884
2762,153242.12817422027
2763,68834.20489717217
2764,209213.52098708332
2765,392612.089367886
2766,196871.89555095372
2767,159897.41203481075
2768,70590.69461160753
2769,278225.2842682672
2770,89576.89246517957
2771,306826.596830133
2772,323594.8600392554
2773,215202.2893030451
2774,78974.27366555893
2775,59753.75350170213
2776,133569.06988677985
2777,179013.4157133508
2778,213478.05077094148
2779,159098.34670240717
2780,300472.93366055045
2781,150022.2356324123
2782,97310.08411618273
2783,227271.28067692168
2784,149445.0687323294
2785,110499.70502039933
2786,248048.58793405024
2787,178219.90494663495
2788,177258.88736618316
2789,222096.64352688188
2790,130236.33180395798
2791,67634.7687481182
2792,261855.6048999531
2793,260361.7248534417
2794,326476.17024112766
2795,53743.75319583976
2796,294172.03529159346
2797,52943.743676541664
2798,166153.56908274785
2799,150227.76274837262
2800,137077.27282195736
2801,92914.95927482689
2802,265669.9358430754
2803,382335.6775807816
2804,446738.78748372
2805,311505.7808648804
2806,384559.51068864716
2807,97730.33239892001
2808,131049.38792377416
2809,264058.33729823073
2810,63657.67059947678
2811,108756.85251207682
2812,188433.58778418283
2813,359738.6198666657
2814,205182.55946033556
2815,287731.0396900672
2816,156703.78966118663
2817,121180.38579343716
2818,214477.44781662847
2819,204039.1408814882
2820,90039.03856890701
2821,163025.80157157138
2822,319303.134675523
2823,119622.90406208092
2824,293651.86869803787
2825,222010.15440422142
2826,201719.45056220645
2827,262525.86607049237
2828,57402.39439799453
2829,296233.75870861136
2830,115969.65705333023
2831,277659.6040240696
2832,258813.18995261868
2833,175155.365762652
2834,154549.81491776562
2835,110393.48587320221
2836,122931.05927838874
2837,461871.85765165905
2838,108568.98359433953
2839,68454.096404838
2840,181377.57117293446
2841,74801.10699969856
2842,109081.1355452596
2843,276812.9534081368
2844,123088.9207666586
2845,326993.21376183233
2846,276835.7154518413
2847,123257.24133633857
2848,243760.62308290272
2849,338790.4544327161
2850,278421.687993517
2851,168154.76854591432
2852,209649.5413024292
2853,151903.85957517527
2854,260119.5977521793
2855,217331.3242980504
2856,134670.0247291125
2857,229492.38779159903
2858,207732.61979496764
2859,272926.75850641605
2860,303637.74952263717
2861,105837.37495996164
2862,284926.6215353985
2863,251128.8756373143
2864,357020.8251562346
2865,140447.3247013045
2866,161512.19970907192
2867,236349.26703624055
2868,307081.0627061245
2869,97724.47440879147
2870,210238.33613658862
2871,170588.92345364092
2872,199324.1102508014
2873,57245.62394207576
2874,283021.82515772566
2875,86020.23910191267
2876,369331.6907670108
2877,185661.41656088285
2878,115394.73930607935
2879,192069.90643778973
2880,101192.42565853069
2881,224803.5606346268
2882,439974.74953528034
2883,62095.230401804874
2884,173568.78838579607
2885,332980.9368951982
2886,224115.7303580469
2887,112575.98809918627
2888,251821.26111762514
2889,226204.38143607593
2890,83151.88565444628
2891,213997.81980562047
2892,256974.73585466066
2893,163200.6782633014
2894,142509.77707885782
2895,178636.69723396617
2896,503034.5875675702
2897,334548.4246236669
2898,85948.84560116699
2899,250911.39011335152
2900,156712.37363024737
2901,107308.28555321344
2902,139424.80489694595
2903,506411.9053486758
2904,261867.87066933085
2905,167403.6683340755
2906,134713.14176625898
2907,165247.15340692323
2908,207769.75218578204
2909,314696.4286796315
2910,89936.91163943138
2911,403708.03618832317
2912,257560.9232058711
2913,162185.5849926499
2914,135392.27647500817
2915,129465.20339256148
2916,128350.09388294065
2917,244340.0730571801
2918,131540.97416806858
2919,144845.03586110735
2920,214342.29192928315
2921,160331.78299955413
2922,199793.0258279388
2923,187983.50463551687
2924,184774.54936131265
2925,189525.23713210277
2926,101724.16959640595
2927,326542.28465791204
2928,164517.8864718185
2929,104489.59940252529
2930,225116.5396388128
2931,417300.0315792181
2932,147730.53336762643
2933,288061.71595488454
2934,87282.08670450425
2935,124187.08514517988
2936,106043.645013915
2937,118151.80341787619
2938,318123.6978611039
2939,141012.34753634233
2940,182069.73115446448
2941,147885.01756073156
2942,285065.8795910878
2943,157656.84505667427
2944,189546.73797433014
2945,425476.59146691015
2946,100043.62801680219
2947,283067.13489479694
2948,294639.8389891272
2949,100550.85462954233
2950,218057.8621598635
2951,111775.14949952948
2952,175821.89675870212
2953,365586.7313660658
2954,133634.1702794009
2955,189442.17704664907
2956,326781.0217830602
2957,126893.11853981779
2958,103319.50197993565
2959,334561.2555287278
2960,89531.8399336398
2961,99925.73812982209
2962,232590.83151492255
2963,321618.00254466786
2964,380021.2065671974
2965,168725.46056032713
2966,323349.74729560275
2967,228592.39253751456
2968,237643.1997610663
2969,207473.73368039605
2970,361183.6707876182
2971,137761.43576126458
2972,79834.06952780369
2973,360017.9418258029
2974,182822.31069723115
2975,159604.89127179587
2976,233640.8990245197
2977,237475.4136864113
2978,110446.96857944324
2979,285419.51352595567
2980,231044.08321300824
2981,136421.61132835032
2982,70108.20892809107
2983,175972.50581385128
2984,161326.94856182626
2985,148669.5306500198
2986,241375.7053168388
2987,193349.9350167558
2988,262478.1160100897
2989,162466.10229772804
2990,328089.9440869941
2991,137299.9050491125
2992,379070.2644637013
2993,164436.01319307226
2994,229275.94389964637
2995,88891.22912663544
2996,428206.4397100763
2997,85205.29413156278
2998,112878.60062854453
2999,48873.292174810165
3000,99680.8802458336
3001,184110.87537774318
3002,218757.5846795241
3003,112316.39890504582
3004,153675.56313706434
3005,151464.87756598298
3006,62197.52425604657
3007,65703.65110719998
3008,219206.69518250524
3009,487890.39907317644
3010,284563.8346125128
3011,72921.80495343433
3012,157481.46477090236
3013,208624.5003711875
3014,167193.94591091527
3015,306956.4710836182
3016,121750.84011769842
3017,143828.1140486066
3018,176263.25795849488
3019,154408.98669182253
3020,105941.25934849413
3021,142429.06388134355
3022,198045.10051479732
3023,91306.08858943547
3024,336306.32272312266
3025,248487.5409516556
3026,125893.81092500439
3027,205455.03163130253
3028,276244.7444765468
3029,126894.422665459
3030,171316.5159488023
3031,324319.9969104409
3032,136733.05214747606
3033,175392.47310718673
3034,483383.8249099428
3035,111281.76161379984
3036,429357.2835390256
3037,171175.14096404886
3038,524551.1325133562
3039,193064.0268222592
3040,137294.7189411695
3041,151745.50038876903
3042,170909.84247398376
3043,425777.1941434264
3044,228601.1337432826
3045,107711.67131757094
3046,206247.89042887485
3047,143111.80430483219
3048,140367.55044910466
3049,341956.1053629683
3050,127270.24592499528
3051,385778.79780424153
3052,269257.3936970883
3053,85341.06707166623
3054,241532.0836362209
3055,226553.98536237094
3056,97918.55552912471
3057,92285.38460152881
3058,137338.11958635898
3059,134993.73530637933
3060,221687.50842780614
3061,275509.6262118332
3062,115540.96937888696
3063,116406.5834421163
3064,200273.66412084812
3065,348798.43926336773
3066,264024.76797047665
3067,247630.3526652322
3068,352580.3532476146
3069,226749.39622148592
3070,169448.384078661
3071,88006.89936217951
3072,183759.8257165747
3073,97551.5205597078
3074,344294.9482204549
3075,326478.66921150184
3076,160489.21149490404
3077,145436.45612120078
3078,74449.331364868
3079,141378.3873614032
3080,73804.29843491904
3081,231750.2696034705
3082,511333.1976441877
3083,394316.57825851487
3084,45770.80944711555
3085,194346.8050266709
3086,138665.30465399416
3087,156001.71502832999
3088,176727.08959291203
3089,96962.44226447529
3090,98494.79085216256
3091,337888.196681577
3092,331498.609399931
3093,160372.51401168108
3094,170429.4644364933
3095,142275.71627198101
3096,100991.66726408103
3097,84675.81859465259
3098,171598.67079517024
3099,452266.60620713
3100,350550.1146905627
3101,170409.00945304098
3102,162180.44953176298
3103,76514.40378224202
3104,120976.80758431286
3105,131207.27987805082
3106,247228.99435870658
3107,174753.6425173374
3108,143620.7298540506
3109,218392.92749482614
3110,246216.46214688558
3111,244871.4892762911
3112,231462.23024991862
3113,247984.55374465336
3114,144050.7238593385
3115,180066.62994854382
3116,156464.4328178911
3117,184645.5980964508
3118,100060.05154944526
3119,113104.58835620814
3120,164969.26230992062
3121,185382.97336541335
3122,324690.0311109283
3123,209818.85827263215
3124,309066.2948476721
3125,175282.0658214587
3126,491076.97785829107
3127,331413.6430230241
3128,49321.59661288967
3129,193671.61790053837
3130,99396.64933888569
3131,248440.33268470902
3132,92238.1168396826
3133,317478.3555540396
3134,354318.26950462745
3135,164480.4906192886
3136,164111.7460754875
3137,115619.64438529623
3138,394827.1981567524
3139,267515.0107100881
3140,280179.8136017866
3141,83222.83884091068
3142,182453.8253480084
3143,325899.01284247276
3144,156048.23848049232
3145,239478.15508076496
3146,500461.8875177595
3147,253330.0102357071
3148,199344.96478775615
3149,134122.70218649376
3150,53152.1127238232
3151,316987.97446550283
3152,134005.192057719
3153,98034.2729916038
3154,277622.52310554194
3155,172721.9634709912
3156,96880.31587315786
3157,156700.26392954963
3158,248989.4487406442
3159,146199.94278285024
3160,104731.66500637624
3161,179607.690285235
3162,204318.08383612716
3163,389358.71460077795
3164,343515.5661104894
3165,100484.75048970133
3166,138469.7697297295
3167,214987.3687408533
3168,254032.16087121953
3169,50654.71939534566
3170,514448.81988989277
3171,288190.6094731841
3172,296654.44617682684
3173,119511.97284882047
3174,168876.07489886682
3175,389410.91390155547
3176,104659.71257347478
3177,168382.5812713132
3178,290202.6538202424
3179,99272.1762407022
3180,148543.87620442995
3181,202138.4621817926
3182,243105.75086986902
3183,164618.9411721034
3184,188021.3346262126
3185,422281.6730401666
3186,188117.03808042684
3187,91234.5955541383
3188,98265.51511716055
3189,245967.73930389035
3190,168526.26986989114
3191,162904.3104368723
3192,189919.36241484512
3193,281321.74660250515
3194,210992.18987654767
3195,62969.672366739396
3196,233208.76093629948
3197,220960.33891233365
3198,271773.2096714828
3199,257863.15307831886
3200,269894.56425073056
3201,98322.50034672511
3202,121663.0074447544
3203,476147.70088587125
3204,191928.5156962762
3205,220848.89498512365
3206,346116.66506453825
3207,188144.56663521868
3208,75594.39504223663
3209,366383.82110985403
3210,171520.30817156401
3211,67542.48743121207
3212,252882.4205974522
3213,102468.41495652057
3214,91207.30603909188
3215,48600.17169051402
3216,229785.42889695126
3217,197548.54405938525
3218,248485.12889997565
3219,172653.085133371
3220,177248.62740190854
3221,125336.47628626694
3222,304586.6157771211
3223,237074.713093925
3224,127899.74109024256
3225,50845.10480716691
3226,334180.622068643
3227,250330.45989982988
3228,360797.08441302367
3229,192810.09066146798
3230,232975.30749754788
3231,367648.7419464934
3232,80541.1718530816
3233,139002.1766390234
3234,258943.66044657482
3235,164231.6864245899
3236,237302.54573891917
3237,262259.23561783036
3238,361138.5102517326
3239,124221.28251774434
3240,350276.10178442555
3241,120115.15551191945
3242,160173.68510752133
3243,118100.69962152821
3244,181040.3947650267
3245,149181.59237759313
3246,189433.7424198042
3247,375499.3918428781
3248,212142.3548865885
3249,72691.76278214162
3250,221951.57716075223
3251,354974.85041282483
3252,48139.58225519539
3253,233790.94663817075
3254,250036.77610459365
3255,189324.0655545982
3256,364563.66201241995
3257,129847.57273140116
3258,315177.3572971227
3259,227769.38819406214
3260,91342.58825600344
3261,116831.01712832831
3262,201340.40031721134
3263,119325.5067566795
3264,222998.82940630516
3265,260602.20245831338
3266,206400.8862516304
3267,367876.1467365751
3268,440750.79776382237
3269,300860.54718516336
3270,323800.3740012112
3271,70799.91385047999
3272,335787.0965363092
3273,181007.8213929904
3274,101149.6159315904
3275,62146.885893543484
3276,276699.56081302336
3277,200381.36412800645
3278,311413.6345229205
3279,228258.22481449554
3280,192309.87000939398
3281,122658.82262182578
3282,210552.3365345184
3283,177397.34543429184
3284,197479.87232013882
3285,113642.18424750981
3286,126772.20289480017
3287,111648.9962801006
3288,216064.1138601208
3289,214390.088882502
3290,490393.0832401599
3291,67193.87776173744
3292,109491.8479128482
3293,241870.70885416467
3294,179372.540963021
3295,175640.57735008665
3296,96231.03910819384
3297,226723.60143540657
3298,114503.83832905872
3299,146708.8172480379
3300,274341.833049501
3301,89636.30405807192
3302,94719.50585819298
3303,134539.3401427791
3304,201068.94954379756
3305,359558.9572369385
3306,236424.13342096173
3307,378591.513742846
3308,126932.60811999596
3309,73427.66496743856
3310,201504.54524424937
3311,230865.0569862652
3312,153360.75876156916
3313,130381.300816802
3314,196210.65568796906
3315,114275.4250052337
3316,59229.51256286158
3317,101555.93121876325
3318,214367.9130840408
3319,200747.01467119606
3320,284471.20767717145
3321,346658.398162981
3322,79069.03914123315
3323,114865.76069566794
3324,474268.4220916721
3325,179891.41612902767
3326,392071.52367910533
3327,242332.86597519257
3328,243890.87733245673
3329,161107.9698541301
3330,427121.7671195993
3331,257580.94500822842
3332,215929.87046625532
3333,109257.03415103345
3334,96675.55349493891
3335,421038.6088597656
3336,195224.03745047053
3337,174738.83953829724
3338,378573.9220250838
3339,112739.78019035458
3340,74687.77877547024
3341,251113.11417151464
3342,267763.2511701495
3343,100110.82658143256
3344,226116.1401479472
3345,156900.42784297446
3346,299017.7965407929
3347,376106.96018651477
3348,256293.28324525902
3349,219235.2474693283
3350,200208.5304458431
3351,227148.37804608486
3352,221219.04262212582
3353,92745.90180723985
3354,147664.5178335606
3355,208900.6028762544
3356,95177.77062281565
3357,134093.38312572474
3358,126808.40945057306
3359,131316.1538983321
3360,168409.67497764796
3361,323943.54873611283
3362,353308.8282290918
3363,122845.1412540806
3364,293549.6129579464
3365,228511.99787913306
3366,207884.8231272861
3367,141682.2640788722
3368,168557.7273791809
3369,292132.82133160136
3370,118955.26886533281
3371,136189.92679348477
3372,121661.2376774123
3373,93585.12216100052
3374,243596.96635027527
3375,358134.9432488452
3376,218738.58214803145
3377,483344.17958580947
3378,146125.3767007047
3379,320972.30125004484
3380,337317.4332176947
3381,209391.95831120547
3382,381273.7270153359
3383,119706.43794936586
3384,304873.05972447625
3385,418264.39956478507
3386,157020.58011201367
3387,147970.86914977734
3388,141398.21221463924
3389,415585.7579668438
3390,120111.47417899503
3391,244831.2724707789
3392,244475.4703061553
3393,284611.7026075142
3394,107700.55706979918
3395,307457.5034825078
3396,229862.43729260055
3397,212772.93167250324
3398,296161.8072779889
3399,265850.3530342612
3400,458964.43219902506
3401,92416.02862610285
3402,106507.80598082027
3403,237119.52410395571
3404,242937.20019149358
3405,156592.00325773947
3406,54444.033802171994
3407,248218.6116338215
3408,197250.21187244722
3409,74563.22811436295
3410,215481.37931889822
3411,195697.97971811917
3412,256645.49927125528
3413,162876.98430289692
3414,361834.73002353916
3415,204665.0376132828
3416,182633.27667175425
3417,114407.23363373194
3418,60522.328465962666
3419,149765.30722718113
3420,181991.08190947236
3421,214321.40369355027
3422,331919.96149155544
3423,156286.81297533077
3424,213729.42742843134
3425,87222.9993517976
3426,160321.56830649517
3427,380642.28285343456
3428,148912.18148898229
3429,172010.04241285686
3430,493019.20798344596
3431,133236.77163148436
3432,343829.18673429836
3433,118939.20229217078
3434,137411.27981944883
3435,324192.0266164108
3436,358434.7195714273
3437,288797.4154652284
3438,85386.68421388768
3439,161049.91137090276
3440,251399.80058141093
3441,103945.28535301157
3442,75044.9029540836
3443,99668.56911815378
3444,164193.4432196697
3445,262708.6275625202
3446,270507.50929370866
3447,60759.005114176456
3448,66022.72361721628
3449,258626.66223932733
3450,144986.5886537997
3451,184760.326452405
3452,173259.52537208723
3453,186150.596329449
3454,230151.70584448578
3455,69173.56365693983
3456,390134.49656390445
3457,206360.85817994512
3458,94448.4250483884
3459,296458.1769413444
3460,235235.44560140747
3461,268028.8181034645
3462,200029.0252875259
3463,314101.74579802423
3464,133360.6972025442
3465,132156.48369374464
3466,126580.82985066659
3467,93324.86075447085
3468,308885.0121696844
3469,123829.082845227
3470,133940.36768567658
3471,132836.46923970053
3472,380885.08427097125
3473,87072.50025920766
3474,107383.53299644822
3475,317918.07769332425
3476,80455.29048571122
3477,88754.04300866782
3478,426783.831383739
3479,89120.48945506282
3480,374591.54797860305
3481,264280.12751402694
3482,177597.97296673807
3483,148710.40659552382
3484,191479.7098759192
3485,153980.59593279823
3486,193181.13718521394
3487,308109.49949491874
3488,299627.8106255643
3489,170517.2052308639
3490,274666.1378155947
3491,178548.92976314793
3492,125182.25007941549
3493,288720.98780147184
3494,104059.48483474663
3495,491563.4951778298
3496,216672.25157599073
3497,201220.39502940825
3498,357334.3290919827
3499,276023.33020329353
3500,192444.7252384326
3501,235023.085874872
3502,88518.22668337393
3503,100183.17970520502
3504,93552.59894250656
3505,466175.22479283146
3506,128010.70347856218
3507,402038.939922468
3508,177037.75110780366
3509,235390.59796748325
3510,208402.65269813113
3511,86584.41795619499
3512,205307.06706250223
3513,108030.18642346535
3514,171054.1022289789
3515,268920.85920559755
3516,118831.60236421683
3517,131174.41735694313
3518,240612.28871549852
3519,120485.53415824674
3520,157041.05459296354
3521,80517.02892419262
3522,270809.44560648076
3523,208959.50289790158
3524,157549.86610397906
3525,299147.08437083795
3526,334805.2335089038
3527,204636.2325312398
3528,354339.64365512365
3529,205310.5247417472
3530,343390.62996507605
3531,317827.18690721854
3532,311529.7053594555
3533,128062.0238203246
3534,499663.73280397075
3535,356205.8786493794
3536,186901.26408285103
3537,137946.2056736219
3538,246288.94664764992
3539,497526.4478410804
3540,88612.8695793101
3541,528235.0677994479
3542,196259.40538572374
3543,101791.96104268811
3544,267559.52131192596
3545,258294.44205307975
3546,96994.15621243734
3547,165284.49828507297
3548,99275.59417688882
3549,213012.5869426696
3550,81064.34782260598
3551,151578.1000764509
3552,462875.866905566
3553,252319.46979949146
3554,105982.6644446855
3555,176173.37350873425
3556,226457.6607681545
3557,134631.81695644459
3558,162307.47901149973
3559,288991.9752008084
3560,142076.92594144057
3561,167531.25384825023
3562,173173.1446470642
3563,133089.32437716884
3564,134012.24283070193
3565,197174.34076267632
3566,144869.44521020533
3567,212302.33140076482
3568,163707.22610993116
3569,167481.1458384936
3570,159027.13270584674
3571,130823.28699853978
3572,119784.89510413469
3573,92901.38000478328
3574,108760.8164588674
3575,71714.88303499675
3576,192897.46333390684
3577,64321.6169600875
3578,92308.61961872061
3579,119019.8193982376
3580,326556.3985619033
3581,392075.4017798099
3582,241658.10901415994
3583,401410.5330278815
3584,289991.40900057706
3585,240541.64487203845
3586,282444.9735992619
3587,238428.6614330871
3588,320294.156182109
3589,403562.41648444475
3590,142238.45225475729
3591,218985.8541265438
3592,214180.3252133837
3593,105929.62334692744
3594,479690.6668705601
3595,157835.09504053488
3596,49046.372119841224
3597,191093.80288397154
3598,272054.7697678042
3599,106087.29365189683
3600,470461.90092254925
3601,241054.6570444763
3602,86178.14122418633
3603,110903.8757239474
3604,80357.69647186251
3605,164341.2931727288
3606,213301.22855111895
3607,383798.8716042496
3608,93215.0811103246
3609,454122.04166394635
3610,121224.42944712778
3611,452214.5680390445
3612,170869.77544235808
3613,147368.6480216389
3614,199754.61266766244
3615,213677.91445109757
3616,245782.9672716024
3617,313152.3454573484
3618,373947.34038100915
3619,331996.5743461849
3620,210911.23017782148
3621,175259.69722423045
3622,96662.19106685987
3623,99495.03378336805
3624,129173.78226525626
3625,125269.59144488344
3626,269541.25922945986
3627,145780.79368451188
3628,69598.89580331842
3629,187106.29712542603
3630,175019.75628710137
3631,81542.79372439669
3632,141870.42316566614
3633,153066.29352573107
3634,182810.34257053415
3635,306009.380046818
3636,66068.60716020208
3637,58420.58291109573
3638,113875.46620768384
3639,269699.01800126815
3640,103446.65458841571
3641,183015.882986445
3642,160012.7018624663
3643,106181.84578909003
3644,87398.08100804967
3645,91496.34702705483
3646,145277.49346566026
3647,155828.69410245446
3648,107329.69147027656
3649,111912.34434721156
3650,223157.99796025423
3651,367367.52817749605
3652,230891.8501895459
3653,137668.09328983794
3654,165456.78466856934
3655,108889.86280856993
3656,215670.63092706047
3657,167166.94929714684
3658,227315.986234337
3659,493523.98374848865
3660,165990.76205074176
3661,121755.78819115077
3662,140076.284318501
3663,279237.5033008986
3664,113963.69015308247
3665,240273.72460451338
3666,259380.35700065084
3667,106931.20006829391
3668,188055.04991593194
3669,141058.8795803798
3670,217264.01246702365
3671,261294.7462843601
3672,100902.327296273
3673,131279.45440199797
3674,120433.41531201359
3675,186786.4553503933
3676,252938.92192090876
3677,180633.10631366758
3678,155134.52725465078
3679,167263.72683810495
3680,185097.8908309989
3681,121773.4229660818
3682,102143.31906716709
3683,93002.62026699801
3684,138882.50172173767
3685,123025.75284888009
3686,432897.12752369395
3687,485200.9069472998
3688,251547.9134448776
3689,112072.9817622006
3690,234663.5766510215
3691,356960.85768336034
3692,72027.28324880358
3693,270804.07315847
3694,139501.72424859946
3695,87548.06664622728
3696,373746.4151509532
3697,106713.39458345088
3698,165941.54820444508
3699,121664.20104758906
3700,171180.16024364415
3701,236773.7682494407
3702,173021.4898293262
3703,238969.38581497557
3704,235645.1388009299
3705,106479.10681737888
3706,170056.08376102918
3707,153806.44161693857
3708,268533.9326600514
3709,94283.69274260674
3710,165337.93962690365
3711,166920.211452161
3712,93667.25514591654
3713,243720.296843901
3714,141153.800525288
3715,147894.3783391409
3716,178112.55222428692
3717,492551.23982779554
3718,94470.01757616164
3719,81232.21819620628
3720,139196.5551580274
3721,361452.2293703997
3722,120903.54131496984
3723,257513.5740063404
3724,90655.68180473085
3725,246771.58836660715
3726,56524.07857937782
3727,517367.5415242057
3728,258509.82732204683
3729,132035.34313913854
3730,95975.09182582864
3731,498366.6240334567
3732,239485.5894717336
3733,219181.01627976637
3734,274826.7334849266
3735,365186.15674717404
3736,169206.61572871468
3737,404278.31502711965
3738,93547.93194126427
3739,247629.61320565006
3740,501710.5948932216
3741,93398.07041410384
3742,155766.69729217672
3743,255799.15656972743
3744,190258.8490298623
3745,271519.1911464456
3746,350312.108141008
3747,448968.10924701614
3748,370593.8904078831
3749,193043.4162247987
3750,171206.63240591183
3751,143687.8305999245
3752,305082.00389000174
3753,172843.13046368829
3754,117646.97018126275
3755,190994.34979333874
3756,196943.53242810114
3757,222037.09680604632
3758,151601.50498487148
3759,158654.5068337511
3760,139073.05597130698
3761,190779.42008432536
3762,170469.67587154813
3763,215676.670907903
3764,291738.4660681267
3765,100117.52888529397
3766,103313.30492315204
3767,387738.23375901126
3768,131277.78079916717
3769,72656.40444661718
3770,294601.71017244575
3771,321266.4602330621
3772,122987.04282143699
3773,259782.3147496802
3774,148869.98565657652
3775,504494.99631711276
3776,280161.0868739136
3777,97056.81528942785
3778,202901.51352356345
3779,457730.7834615571
3780,115438.55582882596
3781,401419.8211986278
3782,173816.99878496223
3783,113579.92018664106
3784,348813.747969429
3785,70269.67326914109
3786,158378.044419132
3787,147639.21912696224
3788,199977.06310236212
3789,411012.0808792147
3790,84702.48321296969
3791,183691.37590585215
3792,133865.68047266186
3793,175731.26371644365
3794,106390.67353317792
3795,104467.24573420473
3796,171511.89567815413
3797,166640.64882450778
3798,186464.18815400955
3799,404798.5048886391
3800,93208.70879280352
3801,103361.86982129712
3802,142751.65943254458
3803,134966.67007295706
3804,271345.62780067965
3805,153548.57682216237
3806,139244.8110447358
3807,187987.43981076762
3808,139106.78801205347
3809,133389.99240334294
3810,162940.36880076135
3811,137053.84983295872
3812,506629.9375360955
3813,111296.58124160404
3814,181647.90874417787
3815,166163.58950581303
3816,164147.54439135795
3817,204725.97188276183
3818,293513.66894800233
3819,393137.0345141833
3820,144118.18168101716
3821,82803.47188687435
3822,167469.96030537444
3823,279160.44491410546
3824,234194.6235590821
3825,269822.30631268484
3826,302914.5400986579
3827,96821.42383687902
3828,253179.95079280727
3829,391514.9257831431
3830,82279.42430621087
3831,188315.8516941363
3832,101301.49292511652
3833,201935.2444352604
3834,118016.9997524942
3835,76680.9891887579
3836,146424.94979831003
3837,81576.53545967252
3838,146924.8657716761
3839,324170.08688380336
3840,73347.18105292163
3841,157194.92206784192
3842,511280.1142459609
3843,142693.8765993219
3844,378628.1371189998
3845,326142.63466353074
3846,210590.3791160085
3847,112771.9080145719
3848,61595.77774256567
3849,233807.63685187747
3850,389102.24675274757
3851,184700.48243278963
3852,101518.96215680677
3853,104484.75790103748
3854,245371.93560744214
3855,427790.8214578824
3856,157739.2282931239
3857,132177.19144696015
3858,228008.23649627148
3859,418773.7213401188
3860,137191.2698776137
3861,113774.87253447533
3862,175909.85464855726
3863,286339.46751169104
3864,285914.3460265004
3865,121444.82765823521
3866,392965.9980850498
3867,317609.95043198095
3868,171355.08305160515
3869,61966.51718327176
3870,113781.5058006022
3871,270860.801428213
3872,150157.17284441105
3873,272795.4818738686
3874,141948.65828059684
3875,212116.07969630542
3876,188064.98751175904
3877,232810.07005536446
3878,159978.82814121744
3879,185399.26857343694
3880,204649.9487562796
3881,149372.48047653268
3882,132768.7390575339
3883,182601.75671181327
3884,152953.7009430364
3885,176310.53699161642
3886,340308.98393922654
3887,114281.2835548939
3888,179403.48232107403
3889,207680.27708679394
3890,243031.4709422073
3891,113896.79572022505
3892,159197.1785583559
3893,149161.10433792425
3894,92689.40623539453
3895,138411.21433333526
3896,185288.27646315095
3897,357742.7889916601
3898,118262.4925661914
3899,55412.60730008819
3900,91841.21481253656
3901,183440.53425455853
3902,197361.548882708
3903,247536.97127183716
3904,366755.6446045415
3905,172037.1729305434
3906,134567.24186397143
3907,473463.04495315446
3908,293599.82098895207
3909,86437.13264167802
3910,176300.8109986185
3911,95318.14583543809
3912,205469.1746521388
3913,90356.30683788403
3914,151161.7998989818
3915,269774.24510806653
3916,335403.32222596125
3917,168315.85291625257
3918,156990.66610441965
3919,57660.06393376202
3920,64981.57922655376
3921,89561.38094773843
3922,67386.03147366326
3923,501489.31936793996
3924,175855.23216977366
3925,168996.03089335386
3926,103738.35331998262
3927,175679.58040888386
3928,68209.86710435446
3929,225022.4479173593
3930,55001.808311234956
3931,220836.53373944986
3932,292811.1945198415
3933,136692.85836453515
3934,409899.789680184
3935,81816.25979493301
3936,122598.49068793347
3937,87369.25063661332
3938,56581.82871076907
3939,157534.23736900795
3940,336049.49810178304
3941,205370.11084476835
3942,54961.58779166735
3943,449492.0016704755
3944,348705.7928210276
3945,94402.59529846218
3946,100088.37427350886
3947,331218.7876972383
3948,248885.55678433672
3949,242934.54276085133
3950,513761.44865459786
3951,258801.72361653013
3952,188194.3918687177
3953,205387.23710594326
3954,184561.52999355254
3955,116684.6694104411
3956,277263.20121928223
3957,79749.55708637733
3958,152431.63912426616
3959,466370.4929832892
3960,114829.43876805832
3961,95724.75108081073
3962,455449.2431812318
3963,116578.77793127544
3964,189962.7799742546
3965,221753.2517803651
3966,274596.3723778811
3967,281849.3073750968
3968,106225.35799560278
3969,455939.407464926
3970,359911.94094829005
3971,136659.6031954943
3972,223143.42329509172
3973,221568.1082735876
3974,221318.70664396673
3975,114207.8933257295
3976,300911.1381767569
3977,196177.4042348772
3978,202367.3921661691
3979,206436.08280660692
3980,105974.36324174565
3981,153380.06295462413
3982,120240.95676899659
3983,264015.3440251844
3984,156289.6912452959
3985,285634.99737630377
3986,357686.44589948433
3987,365989.6253250501
3988,113959.88211512908
3989,221180.74077435443
3990,426160.04766853683
3991,143609.89768978299
3992,200029.55666753295
3993,179920.6088548265
3994,126137.02108274888
3995,123236.50361063253
3996,307870.0792312143
3997,127482.63104080988
3998,100717.1677335482
3999,286265.20094302396
4000,238538.39178491753
4001,285075.8850454389
4002,322865.71388253325
4003,198756.63100609023
4004,306480.0048331419
4005,73232.96854837146
4006,76431.08231360638
4007,225064.16642459598
4008,281625.35276831663
4009,270538.781601731
4010,193287.82228457485
4011,145828.61822012943
4012,152965.62308754437
4013,119186.2018864297
4014,189285.07895619998
4015,199895.5818369083
4016,73369.1623328618
4017,111318.07200495219
4018,76770.52236565942
4019,84380.76255338451
4020,439624.41539396136
4021,362867.68329328217
4022,173720.96143800404
4023,125809.96091033772
4024,117326.47328065992
4025,195514.3033404863
4026,45153.001162312634
4027,83432.65009599079
4028,102195.90024989806
4029,133049.1255643115
4030,496583.1172582244
4031,212293.42507608724
4032,95521.41132599056
4033,297698.57581161545
4034,233555.1805096023
4035,128709.45231229317
4036,162037.08010408498
4037,223361.26170466893
4038,443702.42386534647
4039,452335.6127515427
4040,88397.34017449562
4041,249169.32437962224
4042,273305.72305766033
4043,235983.82843684638
4044,144970.31880039605
4045,198685.4819041826
4046,87612.67980283177
4047,281303.2160395506
4048,433344.71184385667
4049,380694.82935098436
4050,130633.56141331767
4051,143666.8056959242
4052,183732.4613256969
4053,302703.471873112
4054,181015.15902941546
4055,163282.90937763822
4056,255558.81624159781
4057,437979.05466075777
4058,156027.04133708484
4059,196235.3590373639
4060,227583.1711273032
4061,229585.5045176684
4062,187863.94234647378
4063,184927.94099537865
4064,161681.19874935434
4065,403352.0630511723
4066,140201.33664651925
4067,211223.96564342745
4068,238938.446609122
4069,81999.5342203919
4070,71291.47067333528
4071,98572.75650471603
4072,93027.47742619729
4073,234282.02767747827
4074,162970.0778862727
4075,513245.7777586557
4076,424713.5156262426
4077,247739.554367754
4078,486398.6081385738
4079,453389.9247690005
4080,206781.8042594339
4081,339799.6331698046
4082,164866.22066004723
4083,111010.35266317979
4084,127730.508026614
4085,240628.67752991867
4086,218422.4185954554
4087,417887.450986039
4088,190584.03664787838
4089,177808.08726254833
4090,108984.97887465885
4091,100638.91878744944
4092,249884.48126335937
4093,161922.75362591058
4094,241700.5744096042
4095,220853.06783915428
4096,247538.15382666842
4097,93786.50524226195
4098,399173.74335757643
4099,67367.26470243349
4100,269949.631748788
4101,397924.02961370884
4102,451348.990202327
4103,159081.6994791674
4104,142588.12558749015
4105,215335.05683955614
4106,149344.56403833439
4107,168375.06850916523
4108,191110.6061272296
4109,90375.08133533111
4110,92051.75088622709
4111,86528.54423081224
4112,216091.87283004937
4113,145911.9043908863
4114,179009.93912540097
4115,271885.3772109613
4116,144274.15233668507
4117,221199.95222066948
4118,68459.64883878155
4119,104892.66310378902
4120,87049.63742385787
4121,240038.87224729158
4122,178799.25012802213
4123,216770.61089520977
4124,180330.6034223346
4125,362273.90203574643
4126,207263.96173341194
4127,236897.91025040642
4128,139276.7010988235
4129,513662.53258772043
4130,250711.20846029132
4131,102865.13792790408
4132,138882.3034761963
4133,107974.25124781822
4134,85846.35425231645
4135,116820.33723500416
4136,50470.496725913894
4137,52028.84140815516
4138,146701.68030972526
4139,142566.12834610167
4140,164857.1675098255
4141,497953.92227772
4142,256197.0925325529
4143,300805.3921630447
4144,54274.92352166827
4145,174201.57380754693
4146,292549.86442340206
4147,155850.24919392413
4148,187952.56947664396
